ARTIST,ALBUM,PRICE,LABEL
*NSYNC , No Strings Attached (Picture Vinyl),$20.99 ,5 out of 5 stars with 8 ratings
100 Gecs , 1000 Gecs And The Tree Of Clue (EXPLICIT LYRICS) (Vinyl),$15.29 ,$15.69 
2 Chainz , So Help Me God! (LP) (EXPLICIT LYRICS) (Vinyl),$25.99 ,$21.49 
2Pac , THUG ,$27.99 ,Universal Music Group
7 Seconds , The Crew Deluxe Edition (Vinyl),$17.79 ,$20.99 
ABBA , Gold ,$27.27 ,Universal Music Group
Abba ," Gold (Target Exclusive, Vinyl)",$39.99 ,Universal Music Group
ABBA ," Voyage (Target Exclusive, Vinyl)",$25.99 ,Universal Music Group
ABBA , Voyage (Vinyl),$22.99 ,Universal Music Group
AC/DC ," Pwr Up (Target Exclusive, Vinyl)",$39.99 ,Sony Music
AC/DC , Pwr Up (Vinyl),$34.99 ,Sony Music
Ace Frehley , Origins Vol. 2 (TARGET EXCLUSIVE) (Vinyl),$25.99 ,4 out of 5 stars with 5 ratings
Ace Frehley , Origins Vol. 2 (Blue & White) (Vinyl),$25.99 ,5 out of 5 stars with 1 ratings
Adele , 30 (Vinyl),$37.99 ,Sony Music
Aerosmith , Night In The Ruts (Vinyl),$20.49 ,$17.99 
Aeternus , Beyond The Wandering Moon (Vinyl),$29.99 ,$31.49 
Afi , Bodies (Vinyl),$18.99 ,5 out of 5 stars with 1 ratings
Agnes Obel , Myopia (LP) (Vinyl),$46.49 ,$20.49 
Aguilera Christina , My Kind Of Christmas (Vinyl),$19.89 ,5 out of 5 stars with 3 ratings
Al Green , Greatest Hits (Vinyl),$17.99 ,The Orchard
Alexander 23 ," Oh No, Not Again! ",$11.99 ,$22.99 
Alexisonfire , Season Of The Flood (Vinyl),$28.99 ,$12.99 
Alice Cooper , Detroit Stories (2 LP) (Vinyl),$15.29 ,$21.99 
Alicia Keys , Alicia (Explicit Version) (EXPLICIT LYRICS) (Vinyl),$27.99 ,5 out of 5 stars with 1 ratings
Alien Ant Farm , Smooth Criminal (Green Or Purple) (Vinyl),$27.99 ,$11.69 
Alkaline Trio , Is This Thing Cursed? (Vinyl),$37.49 ,$19.59 
Alustrium , A Monument To Silence (Vinyl),$34.49 ,$23.99 
Amy Grant , Unguarded (2 LP) (Vinyl),$34.49 ,5 out of 5 stars with 2 ratings
Amy Winehouse ," Back To Black [Explicit Lyrics] (Target Exclusive, Vinyl)",$19.99 ,Universal Music Group
Amy Winehouse , Back to Black [Explicit Lyrics],$24.99 ,Universal Music Group
Amy Winehouse , At The BBC (3 LP) (Vinyl),$46.49 ,5 out of 5 stars with 2 ratings
Anderson East , Maybe We Never Die (Vinyl),$36.99 ,$18.29 
Andra Day , The United States Vs. Billie H (Vinyl),$20.99 ,$15.69 
Andrea Bocelli ," Romanza (Target Exclusive, Vinyl)",$24.99 ,Universal Music Group
Andrew Gold , Halloween Howls: Fun & Scary Music (LP) (Vinyl),$23.99 ,5 out of 5 stars with 1 ratings
Angel , Risen (Vinyl),$23.99 ,$27.99 
Angelique Kidjo , Mother Nature (2 LP) (Vinyl),$23.99 ,New at
Angels & Airwaves , Lifeforms (Vinyl),$22.49 ,5 out of 5 stars with 1 ratings
Ani Difranco , Revolutionary Love (2 LP) (Vinyl),$14.99 ,$23.99 
Anne Marie , Therapy (Limited Edition Pink (Vinyl),$15.69 ,5 out of 5 stars with 1 ratings
Anton Lavey , Satanic Mass (Blood Splatter Viny) (Vinyl),$46.49 ,$26.99 
Apparat , LP5_RMXS (Vinyl),$46.49 ,$14.99 
Arcade Fire & Owen Pallett , Her (Original Score White Vinyl),$20.49 ,5 out of 5 stars with 1 ratings
ARCTIC MONKEYS , AM (Vinyl),$17.79 ,3.9 out of 5 stars with 36 ratings
Arctic Monkeys , Arctic Monkeys Live At The Royal Albert (Vinyl),$24.49 ,5 out of 5 stars with 2 ratings
Aretha Franklin , Aretha Arrives (Vinyl),$25.99 ,$24.99 
Aretha Franklin , I Knew You Were Waiting: The Best Of Aretha Franklin 1980,$21.49 ,$21.99 
Ariana Grande ," Positions (Target Exclusive, Vinyl)",$26.99 ,Universal Music Group
Ariana Grande ," thank u, next (Clear Vinyl)",$49.91 ,Universal Music Group
Armor For Sleep , What To Do When You Are Dead (15 Th Anniv (Vinyl),$29.99 ,5 out of 5 stars with 1 ratings
Art Blakey , The Witch Doctor (Blue Note Tone Poet Series) (LP) (Vinyl),$22.99 ,5 out of 5 stars with 2 ratings
Ashley Monroe , Rosegold (Vinyl),$18.69 ,$16.19 
Autograph , Buzz (Neon Yellow Vinyl),$22.99 ,$23.99 
Avenged Sevenfold , Nightmare (Vinyl),$27.99 ,New at
Avenged Sevenfold , Avenged Sevenfold (Vinyl),$27.99 ,New at
Bad Books , III (LP) (Vinyl),$37.49 ,$15.39 
Bad Suns , Disappear Here (Limited Editio (Vinyl),$22.49 ,4.5 out of 5 stars with 2 ratings
Bahamas , Sad Hunk (LP) (Opaque Purple) (Vinyl),$18.69 ,$25.49 
Bananarama , Pop Life (Vinyl),$22.99 ,$27.99 
Banhart Devendra / G , Refuge (Blue Seaglass Wave Translucent V (Vinyl),$18.89 ,$32.99 
Barbra Streisand ," Release Me 2 (Target Exclusive, Vinyl)",$22.99 ,Sony Music
Barenaked Ladies , Detour De Force (Vinyl),$20.49 ,$29.99 
Barrett Gabby , Goldmine (Vinyl),$34.99 ,$19.99 
Barron kenny , Kenny barron dave holland & johnathan blake,$28.49 ,$24.99 
Barry Gibb ," Greenfields: The Gibb Brothers SongBook Vol. 1 (Target Exclusive, Vinyl)",$25.99 ,Universal Music Group
Barter ali , Hello i'm doing my best (Vinyl),$22.99 ,$19.99 
Batman Forever Soundtrack , Batman Forever: Music From The Motion Picture (OST) (EXPLICIT LYRICS) (Vinyl),$20.49 ,$29.99 
BAUHAUS , Bela Session (Vinyl),$19.99 ,$19.99 
Beach Boys ," Sounds Of Summer (Target Exclusive, Vinyl)",$24.99 ,Universal Music Group
Beach Boys , Songs of Summer (Vinyl),$24.99 ,Universal Music Group
Beach Bunny , Blame Game Ep (Hot Pink Vinyl),$14.99 ,5 out of 5 stars with 3 ratings
Beastie Boys ," Beastie Boys Music (Target Exclusive, Vinyl)",$34.99 ,Universal Music Group
Beatles , Abbey Road Anniversary (Vinyl),$19.75 ,Universal Music Group
Beatles , Sgt. Pepper's Lonely Hearts Club Band (Vinyl) [2017 New Stereo Remix],$35.99 ,Universal Music Group
Bee Gees , Timeless ,$27.99 ,Universal Music Group
Bee Gees , Main Course (LP) (Vinyl),$35.49 ,$17.29 
Bella White , Just Like Leaving (LP) (Vinyl),$15.99 ,New at
BENEE , Hey u x (Translucent Red LP) (EXPLICIT LYRICS) (Vinyl),$22.49 ,5 out of 5 stars with 1 ratings
Between The Buried And Me , Between The Buried And Me (Remix/Remaster) (LP) (Vinyl),$22.99 ,$21.99 
Beyonce , Homecoming: The Live Album (EXPLICIT LYRICS) (Vinyl),$41.49 ,4 out of 5 stars with 8 ratings
Big Brother & The Holding Company , Cheap Thrills (Vinyl),$18.79 ,5 out of 5 stars with 1 ratings
Big Sean , Detroit 2 (2 LP) (EXPLICIT LYRICS) (Vinyl),$18.49 ,5 out of 5 stars with 1 ratings
Big Star , Live On WLIR (Vinyl),$22.99 ,$29.99 
Bill Conti , The Right Stuff ,$21.49 ,$21.99 
Bill Evans , Bill Evans ,$26.99 ,New at
Billie Eilish ," Happier Than Ever (Target Exclusive, Vinyl)",$27.99 ,Universal Music Group
Billie Eilish ," WHEN WE ALL FALL ASLEEP, WHERE DO WE GO? (Target Exclusive, Glow in the Dark Vinyl)",$22.99 ,Universal Music Group
Billie Eilish ," don't smile at me (Target Exclusive, Vinyl)",$21.99 ,Universal Music Group
Billie Eilish , dont smile at me,$29.99 ,Universal Music Group
Billie Eilish ," WHEN WE ALL FALL ASLEEP, WHERE DO WE GO? (Vinyl)",$18.49 ,Universal Music Group
Billie Joe Armstrong , No Fun Mondays (Vinyl),$22.99 ,$15.69 
Billy F Gibbons , Hardware (LP) (Vinyl),$20.99 ,4 out of 5 stars with 1 ratings
Birdy , Young Heart (Vinyl),$18.39 ,5 out of 5 stars with 1 ratings
Black Country New R , For The First Time (Vinyl),$22.99 ,5 out of 5 stars with 1 ratings
Black Honey , Written & Directed (Vinyl),$24.99 ,$22.99 
Black Pumas , Black Pumas (Deluxe Edition) (Vinyl),$34.97 ,Universal Music Group
Black Pumas , Black Pumas (Deluxe Gold & Red/Black Marble 2 LP) (Vinyl),$28.80 ,Universal Music Group
Black Pumas , Black Pumas (LP)(Creme) (Vinyl),$17.99 ,5 out of 5 stars with 2 ratings
Black Pumas ," Black Pumas (Target Exclusive, Vinyl) (2LP)",$34.99 ,Universal Music Group
Black Pumas , Capitol Cuts ,$20.49 ,$18.99 
BLACKPINK , THE ALBUM (Pink LP) (Vinyl),$22.99 ,Universal Music Group
Blake Mills , Mutable Set (2 LP) (Vinyl),$37.49 ,$28.49 
Bleached , Don't You Think You've Had Enough? (Vinyl),$24.99 ,$15.99 
Bleachers , Take The Sadness Out Of Saturday Night (Vinyl),$23.99 ,5 out of 5 stars with 2 ratings
Blind Melon , Blind Melon (Vinyl),$21.99 ,$32.99 
Blink,182,$27.99 ,Universal Music Group
Blues Traveler , Traveler's Blues (Vinyl),$27.99 ,$17.99 
Blumm Fs/Nils Frahm , 2 X1=4 (Vinyl),$10.99 ,$17.59 
Bob Dylan , Essential Bob Dylan (Vinyl),$26.99 ,5 out of 5 stars with 2 ratings
Bob Dylan , Freewheelin' Bob Dylan (Vinyl),$16.99 ,5 out of 5 stars with 1 ratings
Bob Dylan , Pat Garrett & Billy The Kid (Vinyl),$21.49 ,$18.69 
Bob Dylan , Hard Rain (Vinyl),$22.99 ,$18.99 
Bob Dylan , Street,$22.99 ,$19.99 
Bob Marley ," Exodus (Target Exclusive, Vinyl)",$39.99 ,Universal Music Group
Bob Seger & The Silver Bullet Band , Greatest Hits (2 LP)(120 Gram) (Vinyl),$67.99 ,$22.99 
Bobby Darin , Bobby Darin Story: Greatest Hits (Vinyl),$30.49 ,$28.99 
Bobby Gillespie , Utopian Ashes (Vinyl),$32.99 ,$16.99 
Body Count , Carnivore (Vinyl),$14.99 ,$29.99 
Bomba Estereo , Deja (Vinyl),$22.99 ,New at
Bongripper , Live at roadburn box (Vinyl),$15.29 ,$74.99 
Boston , Boston (Vinyl),$20.99 ,4.8 out of 5 stars with 5 ratings
boy pablo , Wachito Rico (LP) (Vinyl),$19.29 ,5 out of 5 stars with 4 ratings
Boyz II Men ," Legacy: The Greatest Hits Collection (Target Exclusive, Vinyl)",$27.99 ,Universal Music Group
Brandee Younger , Somewhere Different (LP) (Vinyl),$31.49 ,$19.49 
Brandi Carlile , In These Silent Days (Vinyl),$23.49 ,5 out of 5 stars with 2 ratings
Brant Bjork And The Bros , Gods & Goddesses (Yellow & Blue Vinyl),$27.99 ,$41.49 
Bread , The Best Of Bread (180 Gram Translucent (Vinyl),$31.49 ,New at
Breaking Benjamin , Aurora (LP) (Vinyl),$15.29 ,5 out of 5 stars with 1 ratings
Brian Setzer , Setzer Goes Instru Mental! (Vinyl),$18.69 ,5 out of 5 stars with 1 ratings
Brian Setzer , Gotta Have The Rumble (Vinyl),$67.99 ,$22.99 
Brian Wilson , Brian Wilson (180 Gram Translucent Blue (Vinyl),$19.99 ,$33.99 
Britney Spears , Baby One More Time (Vinyl),$25.99 ,Sony Music
Britney Spears , Glory (Opaque White Vinyl) (EXPLICIT LYRICS),$28.99 ,5 out of 5 stars with 10 ratings
Brittany Howard , Jaime Reimagined (Neon Magenta & Black Splotch LP) (Vinyl),$19.99 ,$20.49 
Browne Jackson , Downhill From Everywhere (Vinyl),$27.99 ,$19.99 
Bruce Dickinson , Skunkworks (Vinyl),$199.99 ,$28.99 
Bruce Springsteen , Promise (Vinyl),$67.99 ,$47.99 
Bryan Ferry , Boys And Girls (LP) (Vinyl),$22.99 ,$21.49 
Bryson Tiller , A N N I V E R S A R Y Deluxe Vin (EXPLICIT LYRICS) (Vinyl),$26.99 ,$26.49 
Buddy Guy , Blues Is Alive And Well (Vinyl),$29.99 ,$21.49 
Buffalo Springfield , Last Time Round (Vinyl),$199.99 ,$19.99 
Buju Banton ," Buried Alive / Blessed (Patoranking Remix) (7"" Single) (EXPLICIT LYRICS) (Vinyl)",$20.99 ,$5.49 
Cage The Elephant , Social Cues (Vinyl),$19.19 ,5 out of 5 stars with 4 ratings
Cake , Age Of Aquarius (Vinyl),$52.99 ,$11.69 
Capstan , SEPARATE (Opaque Pink Swirl LP) (Vinyl),$37.49 ,$16.79 
Cardi B , Invasion Of Privacy (Vinyl),$27.99 ,Warner Music Group
Carlos Santana & John McLaughlin , Love Devotion Surrender (180 Gram Transl (Vinyl),$25.99 ,$32.99 
Carpenters , The Singles 69,$24.99 ,Universal Music Group
Carrie Underwood ," My Savior (Target Exclusive, Vinyl)",$27.99 ,Universal Music Group
Carrie Underwood ," My Gift (Target Exclusive, Vinyl)",$22.99 ,Universal Music Group
Carrie Underwood , My Savior (White 2 LP) (Vinyl),$23.99 ,5 out of 5 stars with 2 ratings
Carrie Underwood ," My Gift (Special Edition) (Target Exclusive, Vinyl)",$27.99 ,Universal Music Group
Carter Ron/Russell M , Golden Striker (Vinyl),$36.99 ,$39.99 
Cave Nick / Ellis Wa , Carnage (Vinyl),$15.29 ,$22.49 
"Cave, Nick & The Bad Seeds ", Push The Sky Away (Vinyl),$22.99 ,$17.99 
Cavetown , Sleepyhead (Vinyl),$21.99 ,5 out of 5 stars with 1 ratings
CCR (Creedence Clearwater Revival) ," Chronicle, Vol. 1 (Vinyl)",$22.97 ,Universal Music Group
Ceramic Dog , Hope (Vinyl),$16.99 ,$23.99 
Charli XCX , Charli Charli (Clear) (EXPLICIT LYRICS) (Vinyl),$27.99 ,3 out of 5 stars with 4 ratings
Charlotte Lawrence , Charlotte (EXPLICIT LYRICS) (Vinyl),$15.79 ,5 out of 5 stars with 1 ratings
Cheap Trick , We're All Alright! (LP)(Deluxe Edition) (Vinyl),$19.89 ,$16.59 
Cheap Trick , In Another World (Vinyl),$21.99 ,$18.89 
Chevelle , Niratias (EXPLICIT LYRICS) (Vinyl),$17.49 ,5 out of 5 stars with 4 ratings
Chick Corea , Plays (3 LP) (Vinyl),$26.49 ,$30.49 
Chris Cornell , No One Sings Like You Anymore (LP) (Vinyl),$26.49 ,5 out of 5 stars with 4 ratings
Chris Cornell ," No One Sings Like You Anymore (Target Exclusive, Vinyl)",$27.99 ,Universal Music Group
Chris Stapleton, Traveller (LP) (Vinyl),$18.99 ,Universal Music Group
Christina Aguilera , Stripped (Vinyl),$23.49 ,5 out of 5 stars with 4 ratings
Chubby Checker , Twist With Chubby Checker (LP) (Remastered) (Vinyl),$21.99 ,$22.99 
"Chunk! No, Captain Chunk! ", Gone Are The Good Days (Translucent Tiger's Eye 2 LP) (Vinyl),$20.99 ,$18.99 
Church , Starfish (180 Gram 8 Bonus Tracks) (Vinyl),$29.99 ,$39.99 
Chvrches , Screen Violence (Vinyl),$21.49 ,5 out of 5 stars with 1 ratings
Circles Around The Sun , Circles Around The Sun (Vinyl),$37.49 ,$18.79 
Clipping. , Visions Of Bodies Being Burned (Vinyl),$20.49 ,$28.99 
Clutch , The Weathermaker Vault Series Vol. I (Vinyl),$22.99 ,$14.39 
Cocker Jarvis , Jarvis (Vinyl),$18.39 ,$22.99 
Cold war kids , New age norms 1 (Vinyl),$20.49 ,$17.99 
Coldplay , Music Of The Spheres (Vinyl),$22.27 ,Warner Music Group
Coltrane john/kenny , Cats lp (Vinyl),$22.99 ,$16.99 
Connie Smith , The Cry Of The Heart (Vinyl),$23.99 ,$17.89 
Cornershop , England is a garden (Vinyl),$18.69 ,$38.99 
Creedence Clearwater Revival ," Chronicles (2LP) (Target Exclusive, Vinyl)",$27.99 ,Universal Music Group
Creedence Clearwater Revival , Willy & Poor Boys (LP)(1/2 Speed Master) (Vinyl),$15.29 ,$18.49 
Crowded House , Dreamers Are Waiting (Vinyl),$21.49 ,$16.99 
Crowder , Milk & Honey (2 LP) (Vinyl),$23.99 ,New at
Curtis Amy/Dupree Bolton , Katanga (Blue Note Tone Poet Series) (LP) (Vinyl),$25.99 ,5 out of 5 stars with 1 ratings
Cute Is What We Aim , The Same Old Blood Rush With A New Touch Fbr 25 Th Anniversary Edition (Vinyl),$19.59 ,New at
Daniel Avery , Together In Static (Vinyl),$199.99 ,$18.29 
Danzig , Always On My Mind (Starburst Vinyl),$47.99 ,$17.99 
Danzig , Always On My Mind (Purple Vinyl),$34.99 ,$14.59 
Danzig Glenn , Sings Elvis (Blue Vinyl),$25.99 ,$28.99 
Daughter , Wild Youth EP (Vinyl),$9.49 ,5 out of 5 stars with 1 ratings
David Bowie , Rise and Fall of Ziggy Stardust (Vinyl),$22.99 ,Ingram Entertainment
David Bowie , New Career in a New Town (1977,$249.99 ,5 out of 5 stars with 1 ratings
David Bowie , Lazarus Original Cast Album [Explicit Lyrics] (LP) (Vinyl),$46.99 ,Sony Music
David Bowie , David Bowie AKA Space Oddity (Vinyl),$18.69 ,$23.49 
David Bowie , Changesonebowie (Vinyl),$22.99 ,Warner Music Group
David Bowie , Diamond Dogs (Vinyl),$16.49 ,$19.79 
David Bowie , The Man Who Sold The World Picture Disc (Vinyl),$18.89 ,5 out of 5 stars with 1 ratings
David Bowie , Lodger (Vinyl),$23.99 ,$19.99 
David Bowie , Space Oddity (50th Anniversary Edition) (Vinyl),$25.99 ,$28.99 
David Bowie , Changestwobowie (Vinyl),$22.99 ,$19.39 
David Bowie , Ziggy Stardust and The Spiders from Mars (OST) (Vinyl),$28.49 ,5 out of 5 stars with 1 ratings
David Coverdale , North Winds (White LP) (Vinyl),$29.99 ,$16.49 
David Crosby , For Free (Vinyl),$24.99 ,$22.49 
Dawes , Good Luck With Whatever (LP) (Vinyl),$25.99 ,$18.89 
Dawes ," Nothing Is Wrong (Deluxe Edition) (Milky Clear 2 LP + 7"" Single) (Vinyl)",$30.49 ,5 out of 5 stars with 1 ratings
Death From Above 1979 , Is 4 Lovers (LP) (Vinyl),$29.99 ,$28.49 
Debbie Gibson , The Body Remembers (Vinyl),$24.99 ,New at
Deep Purple , Total Abandon (2 Lp) (Vinyl),$36.99 ,$22.99 
Deep Purple , Who Do We Think We Are (IE) (Vinyl),$29.99 ,$19.69 
Deftones , Ohms (EXPLICIT LYRICS) (Vinyl),$19.89 ,5 out of 5 stars with 2 ratings
Demi Lovato ," Dancing With The Devil… The Art Of Starting Over (2LP) (Target Exclusive, Vinyl)",$39.99 ,Universal Music Group
Dennis De Young , 26 East Vol. 2 (Vinyl),$18.79 ,$24.99 
Dennis Deyoung , 26 East Vol. 1 (Vinyl),$24.99 ,5 out of 5 stars with 1 ratings
Denzel Curry/Kenny Beats , UNLOCKED (LP) (EXPLICIT LYRICS) (Vinyl),$18.89 ,5 out of 5 stars with 2 ratings
Devendra Banhart , Ma (Vinyl),$68.99 ,$22.49 
Devin Townsend , Devolution Series #2 Galactic Quaranti (EXPLICIT LYRICS) (Vinyl),$30.49 ,New at
Diana Ross , Thank You (2 LP) (Vinyl),$18.69 ,$25.99 
Dinah Washington , The Divine Miss Dinah Washington (5 LP) (Vinyl),$13.99 ,$106.99 
Dion Celine , Courage (Vinyl),$18.39 ,$37.99 
Disclosure , ENERGY (2 LP) (EXPLICIT LYRICS) (Vinyl),$19.79 ,$29.99 
Disturbed , Believe (EXPLICIT LYRICS) (Vinyl),$19.99 ,5 out of 5 stars with 1 ratings
Dixon Kyle & Michael , Stranger Things S1 Collectors Edition Va (Vinyl),$29.99 ,$27.49 
DJ Khaled , Father Of Asahd (EXPLICIT LYRICS) (Vinyl),$199.99 ,$26.99 
Django Django , Glowing in the Dark (LP) (Vinyl),$22.99 ,$22.49 
Dmx , Greatest (Vinyl),$18.69 ,$32.99 
DMX , Exodus (Vinyl),$22.99 ,Universal Music Group
Donovan , Greatest Hits (1969) (Vinyl),$28.49 ,$17.99 
Donovan , Best Of 1965 1969 Live (Vinyl),$32.99 ,$28.49 
Doris Day , The Love Album (LP) (Vinyl),$16.99 ,5 out of 5 stars with 1 ratings
DOS SANTOS , Logos (Vinyl),$22.49 ,$23.99 
Doves , The Universal Want (LP) (Vinyl),$23.99 ,$23.99 
Doves , Some Cities (2 LP) (Vinyl),$46.49 ,$20.99 
Doves , Lost Souls (2 LP) (Vinyl),$22.99 ,$22.99 
Dr. Dre ," The Chronic (Target Exclusive, Vinyl) (2LP)",$27.99 ,Alliance Entertainment
Dr. Dre , Chronic [Explicit Lyrics] (Vinyl),$29.99 ,Ingram Entertainment
Dr. John / Landreth , Gumbo Blues (Colored Vinyl),$19.29 ,$14.89 
Drake , Views (2 LP) (EXPLICIT LYRICS) (Vinyl),$26.99 ,4 out of 5 stars with 8 ratings
Dream Theater , Lost Not Forgotten Archives: Train of Thought Instrumental Demos (EXPLICIT LYRICS) (Vinyl),$35.49 ,New at
Dream Theater , Lost Not Forgotten Archives: Master Of P (Vinyl),$36.99 ,New at
Drive,By Truckers ,$24.99 ,$16.69 
Drs & Dynamite , Playing In The Dark (Vinyl),$19.99 ,$24.99 
Duke George , The Inner Source (2 Lp) (Vinyl),$27.99 ,$23.99 
Duke George , The Aura Will Prevail (Lp) (Vinyl),$24.99 ,$18.69 
Duke George , Feel (Lp) (Vinyl),$15.29 ,$19.99 
Dulfer Candy , Essential 2 Lp (180 Gram Black Audioph (Vinyl),$19.99 ,$32.49 
Dunkley Errol , Darling Ooh! (Limited & Remastered Root (Vinyl),$29.99 ,$22.49 
Duran Duran , Future Past (Vinyl),$17.79 ,5 out of 5 stars with 1 ratings
Duran Duran , Dreaming Of Your Cars 1979 Demos Part (Vinyl),$24.99 ,$23.99 
Dwight Yoakam , Population: Me (Vinyl),$18.39 ,$22.99 
Dyke & The Blazers , I Got A Message: Hollywood (1968,$29.99 ,$25.49 
Eagles , Hotel California (Vinyl),$24.99 ,Warner Music Group
"Earle, Steve & Dukes ", Terraplane (Vinyl),$29.99 ,$20.99 
Earth Crisis , Salvation Of Innocents (LP) (Transparent Turquoise) (Vinyl),$21.49 ,$29.99 
easy life , Life's A Beach (LP) (EXPLICIT LYRICS) (Vinyl),$23.99 ,$32.99 
Ed Sheeran ," = (Target Exclusive, Vinyl)",$22.99 ,Warner Music Group
Ed Sheeran , No. 6 Collaborations Project (EXPLICIT LYRICS) (Vinyl),$29.99 ,5 out of 5 stars with 1 ratings
Eddie Vedder , Earthling (Vinyl),$39.99 ,Universal Music Group
Elder Island , Swimming Static (Vinyl),$19.79 ,$19.99 
Ella Fitzgerald , Ella: The Lost Berlin Tapes (2 LP) (Vinyl),$23.99 ,5 out of 5 stars with 1 ratings
Elle King , Shake The Spirit (Vinyl),$58.99 ,$22.49 
Elton John ," Diamonds (Target Exclusive, 2LP) (Vinyl)",$34.99 ,Universal Music Group
Elton John , Diamonds (2 LP) (Vinyl),$31.99 ,Universal Music Group
Elvis Presley , Elvis 30 #1 Hits (Vinyl),$29.49 ,5 out of 5 stars with 1 ratings
Elvis Presley , Debut Album (Vinyl),$23.49 ,$18.19 
Elvis Presley , Essential Elvis Presley (Vinyl),$22.99 ,4 out of 5 stars with 2 ratings
Eminem ," Curtain Call (Target Exclusive, Vinyl)",$24.99 ,Universal Music Group
Emmylou Harris , Red Dirt Girl (Vinyl),$21.49 ,$29.99 
Empress Of , I'm Your Empress Of (EXPLICIT LYRICS) (Vinyl),$13.99 ,$17.99 
Enigma , The Cross Of Changes (LP) (Vinyl),$29.99 ,$31.49 
Ennio Morricone , The Blue,$20.99 ,$22.49 
Erasure , The Neon Remixed (Vinyl),$20.49 ,$20.49 
Eric Clapton , Unplugged (Vinyl),$29.99 ,5 out of 5 stars with 1 ratings
Eric Clapton , Eric Clapton (LP) (Vinyl),$199.99 ,$21.49 
Eric Clapton and Guests , Crossroads Revisted: Selections from The Guitar (Vinyl),$22.99 ,$84.99 
Erika De Casier , Sensational (Clear Vinyl),$20.49 ,5 out of 5 stars with 1 ratings
Esperanza Spalding , Emily's D+Evolution (LP) (Vinyl),$22.99 ,$23.49 
Evanescence , The Bitter Truth (Vinyl),$21.49 ,5 out of 5 stars with 4 ratings
Everclear , Very Best Of (Picture Disc Vinyl),$27.99 ,$29.99 
Evidence , Weather Or Not (Vinyl),$18.89 ,$29.99 
Faith Evans And The Notorious , King & I (EXPLICIT LYRICS) (Vinyl),$15.29 ,$30.49 
Fela Kuti , Box Set 5 (Curated By Chris Martin And F (Vinyl),$149.99 ,New at
FINNEAS ," Optimist (Target Exclusive, Vinyl)",$21.99 ,Universal Music Group
Finneas , What They'll Say About Us (Vinyl),$13.99 ,5 out of 5 stars with 3 ratings
First Aid Kit , Ruins (Vinyl),$18.39 ,$22.49 
Fitz And The Tantrum , Pickin' Up The Pieces (Vinyl),$22.99 ,$19.99 
Fleetwood Mac ," Rumours (Target Exclusive, Vinyl) (Gold Colored)",$22.99 ,Warner Music Group
Fleetwood Mac , Rumours (LP Vinyl),$20.70 ,Warner Music Group
Fleetwood Mac , Peter Green's Fleetwood Mac (Vinyl),$18.69 ,5 out of 5 stars with 1 ratings
Fleetwood Mac , The Pious Bird Of Good Omen (Vinyl),$19.99 ,$18.69 
Fleur , Fleur (Vinyl),$28.49 ,$21.99 
Foals , Everything Not Saved Will Be Lost Part 2 (IE) (Orange) (Vinyl),$21.99 ,5 out of 5 stars with 1 ratings
Foo Fighters ," Greatest Hits (Target Exclusive, Vinyl)",$22.99 ,Sony Music
Foo Fighters ," Medicine At Midnight (Target Exclusive, Vinyl)",$21.99 ,Sony Music
Foo Fighters , Foo Fighters (Vinyl),$12.79 ,3.3 out of 5 stars with 3 ratings
Foo Fighters , Concrete and Gold,$29.99 ,Sony Music
Foo Fighters , One By One (Vinyl),$22.49 ,5 out of 5 stars with 2 ratings
Forbert Steve , Jackrabbit (Green Vinyl),$46.49 ,$18.49 
FOUR TET , Four Tet Remixes (Vinyl),$42.99 ,$19.99 
Frances Quinlan , Likewise (Vinyl),$199.99 ,$16.79 
Frankie and the Witch Fingers , Sidewalk (Limited Edition Clear Vinyl),$13.99 ,$22.99 
G,Eazy ,$14.69 ,$21.49 
G&D , Black Love & War (Vinyl),$20.99 ,$29.99 
Gallagher Rory , Live At Montreux (2 Lp) (Vinyl),$199.99 ,$22.99 
Game Theory , Blaze of Glory (Vinyl),$18.89 ,$19.99 
Garbage , No Gods No Masters (Vinyl),$25.99 ,5 out of 5 stars with 1 ratings
Garth Brooks , Fresh Horses (Vinyl),$18.69 ,$9.99 
Garth Brooks , Triple Live (Vinyl),$26.99 ,$15.99 
Gary Clark Jr. , Gary Clark Jr. Live (Vinyl),$21.49 ,$22.99 
Gary Numan , Live At Shepherds Bush Empire (Orange/Black Haze 2 LP) (Vinyl),$15.29 ,$27.99 
Gaslight Anthem , 59 Sound Sessions (Vinyl),$17.99 ,$50.99 
Generationals , Trust/Lucky Numbers (Vinyl),$45.99 ,$19.99 
Genesis , We Can't Dance (1991) (Vinyl),$46.49 ,$34.99 
George Benson , The Other Side Of Abbey Road (180 Gram A (Vinyl),$15.69 ,$30.49 
George Benson , Breezin' (Vinyl),$19.59 ,5 out of 5 stars with 2 ratings
George Harrison , All Things Must Pass (3 LP) (Vinyl),$69.99 ,Universal Music Group
Ghostface Killah , More Fish (2 LP) (EXPLICIT LYRICS) (Vinyl),$23.99 ,$23.99 
Glen Campbell , Live From The Troubadour (2 LP) (Vinyl),$22.99 ,$21.49 
Gob Iron , Death Songs For The Living (Vinyl),$45.99 ,$17.39 
Golden Earrings , On The Double (Vinyl),$26.49 ,$28.99 
Goldlink , Diaspora (EXPLICIT LYRICS) (Vinyl),$21.99 ,5 out of 5 stars with 3 ratings
Goo Goo Dolls , Rarities (Vinyl),$20.49 ,$21.99 
Gordon Dexter , A Day In Copenhagen (Lp) (Vinyl),$199.99 ,$19.99 
Gotham (Talib Kweli , Gotham (Vinyl),$29.99 ,$27.99 
Grant Green , Alive! (LP) (Vinyl),$31.99 ,$24.99 
Grateful Dead , Fox Theatre St. Louis Mo (12/10/71) (Vinyl),$22.99 ,$96.99 
Grayscale , Umbra (Black Marble LP) (Vinyl),$20.49 ,New at
Great Lake Swimmers , Lost Channels (Vinyl),$36.99 ,$29.99 
Green Day ," Greatest Hits: God’s Favorite Band (Target Exclusive, Vinyl)",$26.99 ,WEA
Green Day , Father of All (EXPLICIT LYRICS) (Vinyl),$19.99 ,5 out of 5 stars with 1 ratings
Gregg Allman , The Gregg Allman Tour (2 LP) (Vinyl),$23.99 ,$23.99 
Gregory Porter , All Rise (3 LP)(Deluxe Teal Vinyl),$46.49 ,5 out of 5 stars with 1 ratings
Gregory Porter ," Gregory Porter ""3 Original Albums"" (6 LP) (Vinyl)",$24.99 ,$81.99 
Gretchen Parlato , Flor (Vinyl),$18.39 ,$23.99 
Grey Daze , Amends (CD & Bone White W/ Black Splatter LP) (Vinyl),$52.99 ,5 out of 5 stars with 1 ratings
GRIMES , Miss Anthropocene (Vinyl),$20.49 ,4.3 out of 5 stars with 3 ratings
Grizzly Bear , Yellow House (15 Th Anniversary Edition) (Vinyl),$22.99 ,$27.99 
Groove Washer , Groovewasher Replacement Cleaning Pad (Vinyl),$21.99 ,$10.19 
Guardians of the Galaxy , Songs and Original Score (Vinyl),$24.99 ,Universal Music Group
Guided By Voices , Isolation Drills (Vinyl),$18.39 ,$26.99 
Gwar , Scumdogs Of The Universe (30 Th Anniversa (Vinyl),$29.99 ,5 out of 5 stars with 2 ratings
Gwen Stefani ," You Make It Feel Like Christmas (Target Exclusive, Vinyl)",$24.99 ,Universal Music Group
Gym Class Heroes , As Cruel As School Children (EXPLICIT LYRICS) (Vinyl),$18.89 ,5 out of 5 stars with 1 ratings
Hail The Sun , New Age Filth (Vinyl),$19.99 ,$19.99 
Halestorm , Buzz/Chemicals (Green) (Vinyl),$28.99 ,$9.99 
Halsey ," If I Can't Have Love, I Want Power (Target Exclusive, Vinyl)",$24.99 ,Universal Music Group
Halsey , Manic (LP) (EXPLICIT LYRICS) (Vinyl),$19.89 ,3.9 out of 5 stars with 10 ratings
Hank Williams , Complete Health & Happiness Recordings (Vinyl),$27.99 ,$39.49 
Hans,Joachim Roedelius ,$29.99 ,$23.99 
Hanson , Against The World (Vinyl),$17.89 ,New at
Happy. , Imposter Syndrome (EXPLICIT LYRICS) (Vinyl),$34.49 ,$21.99 
Harold Faltermeyer , The Running Man (Original Motion Picture Soundtrack) (2 LP Deluxe Edition) (Vinyl),$21.49 ,$32.99 
"Harry Connick, Jr. ", Alone With My Faith (2 LP) (Vinyl),$21.99 ,$23.99 
Harry Hudson ," Hey, I'm Here For You (Blue & White Marble 2 LP) (Vinyl)",$20.49 ,$23.99 
Harry Styles , Fine Line (Vinyl),$26.99 ,4.3 out of 5 stars with 29 ratings
Hawthorne Mayer , Rare Changes (Vinyl),$29.99 ,5 out of 5 stars with 1 ratings
Hayley Williams , Petals For Armor (EXPLICIT LYRICS) (Vinyl),$26.49 ,5 out of 5 stars with 3 ratings
Henry Franklin , The Skipper At Home (Remastered) (Vinyl),$199.99 ,$20.49 
Henry Franklin , The Skipper (Remastered Vinyl Edition),$22.99 ,5 out of 5 stars with 1 ratings
Herb Alpert , Christmas Album (Vinyl),$22.98 ,Herb Alpert Presents
Herb Alpert & Tijuana Brass , South Of The Border (Vinyl),$22.98 ,Herb Alpert Presents
Hiatt Lilly & The , Let Down (Color Vinyl),$42.99 ,$22.99 
Hiatus Kaiyote , Mood Valiant (Vinyl),$24.99 ,$21.99 
Higher Power , 27 Miles Underwater (EXPLICIT LYRICS) (Vinyl),$22.99 ,$14.39 
Hold Steady The , Open Door Policy (Vinyl),$23.99 ,$14.29 
Hot Tuna , Burgers (180 Gram Translucent Blue Audio (Vinyl),$20.49 ,$32.99 
Huey Lewis & The News , Weather (Vinyl),$18.69 ,5 out of 5 stars with 1 ratings
Humanity's Last Breath , Humanity's Last Breath (EXPLICIT LYRICS) (Vinyl),$27.99 ,$25.49 
Hurts , Faith (Vinyl),$30.49 ,$23.99 
Hynes Devonte , Queen & Slim (Original Motion Picture Score) (Vinyl),$47.99 ,$22.99 
I Love You But I've Chosen Darkness , I Love You But I've Chosen Darkness (Vinyl),$45.99 ,$10.99 
Ice Nine Kills , Welcome To Horrorwood: The Silver Scream 2 (2 LP) (Vinyl),$16.89 ,$26.49 
Idles , Ultra Mono (Deluxe Edition) (Vinyl),$70.99 ,$26.49 
Iggy Azalea , In My Defense (Vinyl),$19.99 ,5 out of 5 stars with 2 ratings
Iggy Pop , Zombie Birdhouse (LP) (Vinyl),$199.99 ,$22.99 
Ilan Eshkeri & Shigeru Umebayashi , Ghost of Tsushima (Music from the Video Game) (Vinyl),$31.49 ,5 out of 5 stars with 1 ratings
Imagine Dragons ," Mercury – Act 1 (Target Exclusive, Vinyl)",$22.99 ,Universal Music Group
Imagine Dragons ," Evolve (Target Exclusive, Vinyl)",$22.99 ,Universal Music Group
Imagine Dragons , Origins (2 LP) (Vinyl),$19.79 ,5 out of 5 stars with 6 ratings
Impellitteri , Nature Of The Beast (Vinyl),$42.99 ,$24.99 
Imperial Triumphant , Alphaville (Vinyl),$27.49 ,$39.49 
Iron & Wine , Shepherd's Dog (Vinyl),$14.99 ,5 out of 5 stars with 1 ratings
J Balvin ," JOSE (Target Exclusive, Vinyl)",$24.99 ,Universal Music Group
J. Cole , Forest Hills Drive [Explicit Lyrics] (Vinyl),$23.99 ,Sony Music
J. Cole , The Off,$37.99 ,Universal Music Group
Jah Thomas , Dub Of Dubs (Vinyl),$45.99 ,$17.99 
Jake Bugg ," Saturday Night, Sunday Morning (Vinyl)",$29.99 ,$17.99 
Jakub Jozef Orlinski , Facce D'Amore (Vinyl),$21.49 ,$14.49 
James , All The Colours Of You (2 LP) (Vinyl),$21.99 ,$25.49 
James Blunt , Once Upon A Mind (Vinyl),$19.99 ,5 out of 5 stars with 2 ratings
James Brown , Live At Home With His Bad Self (2 LP) (Vinyl),$22.99 ,5 out of 5 stars with 1 ratings
James Mcmurtry , The Horses And The Hounds (Vinyl),$22.49 ,$22.99 
James Taylor & Carole King ," Live At The Troubadour (Target Exclusive, Vinyl)",$34.99 ,Universal Music Group
James Vincent McMorrow , We Move (LP) (Vinyl),$15.79 ,5 out of 5 stars with 1 ratings
Janet Jackson ," Number Ones ""LP edition , 12 tracks” (Target Exclusive, Vinyl)",$24.99 ,Universal Music Group
Janet Jackson , Janet Jackson's Rhythm Nation 1814 (2 LP) (Vinyl),$22.49 ,5 out of 5 stars with 3 ratings
Jarreau Al , Live At Montreux 1993 (Vinyl),$11.29 ,$23.99 
Jason Becker , Perpetual Burn (Vinyl),$199.99 ,$16.99 
Jealous Of The Birds , Peninsula Sea Blue (Vinyl),$20.99 ,$19.99 
Jeff Buckley , Grace (Vinyl),$20.49 ,5 out of 5 stars with 4 ratings
Jeff Russo , The Umbrella Academy (Repress White Viny (Vinyl),$20.49 ,$20.49 
Jefferson Starship , Freedom At Point Zero (180 Gram Transluc (Vinyl),$23.99 ,$32.99 
Jefferson Starship , Red Octopus (180 Gram Translucent Red Au (Vinyl),$24.99 ,$34.99 
Jennifer Hudson ," RESPECT (Original Motion Picture Soundtrack) (Target Exclusive, Vinyl)",$27.99 ,Sony Music
Jennifer Hudson , RESPECT (Original Motion Picture Soundtrack) (Vinyl),$21.99 ,$21.99 
Jeremy Ivey , Dream and The Dreamer (Vinyl),$19.99 ,$19.99 
Jerry Lee Lewis , Down The Road With Jerry Lee (Ltd. Cyan (Vinyl),$29.99 ,$16.99 
Jesse Royal , Royal (Vinyl),$15.99 ,5 out of 5 stars with 1 ratings
Jessie Reyez , BEFORE LOVE CAME TO KILL US (2 LP) (EXPLICIT LYRICS) (Vinyl),$21.99 ,5 out of 5 stars with 1 ratings
Jesus Culture , Church (Volume 1 & 2) (2 LP) (Vinyl),$45.99 ,$20.49 
Jethro Tull , 50th Anniversary Collection (Vinyl),$15.89 ,$18.29 
Jethro Tull , A (Vinyl),$15.29 ,$19.99 
Jewel , Pieces Of You (Deluxe 4 LP) (Vinyl),$34.49 ,$60.99 
Jimi Hendrix , Best Of Jimi Hendrix (Vinyl),$20.94 ,Sony Music
Jimi Hendrix , Smash Hits (Vinyl),$19.99 ,Sony Music
Jimi Hendrix , Both Sides of the Sky,$14.99 ,Sony Music
Jimi Hendrix Experience , Are You Experienced (Vinyl),$13.89 ,4.4 out of 5 stars with 10 ratings
Jimi Hendrix Experience , Electric Ladyland (Vinyl),$15.29 ,$18.99 
Jimmy Buffett , Life On The Flip Side (2 LP) (Vinyl),$22.49 ,5 out of 5 stars with 1 ratings
Jimmy Buffett , Buried Treasure: Volume 1 (2 LP) (Vinyl),$15.29 ,$22.99 
Jimmy Eat World , Integrity Blues (LP) (Vinyl),$17.99 ,Sony Music
Jimmy Eat World , Surviving (Vinyl),$23.99 ,$19.99 
Jimmy Smith , Prayer Meetin' (Blue Note Tone Poet Series) (LP) (Vinyl),$13.99 ,$29.99 
Joe Bonamassa , Royal Tea (2 LP) (Vinyl),$46.49 ,$22.99 
Joe Henderson ," Mirror, Mirror (Vinyl)",$24.99 ,$18.69 
Joe Jackson , Mike's Murder (Vinyl),$17.99 ,$18.59 
Johann Johannsson , Personal Effects (Original Motion Picture Soundtrack) (LP) (Vinyl),$67.99 ,$22.99 
John Carpenter , Halloween (OST) (Vinyl),$19.99 ,5 out of 5 stars with 1 ratings
John Coltrane ," Love Supreme (Target Exclusive, Vinyl)",$28.49 ,Universal Music Group
John Coltrane , A Love Supreme (Verve Acoustic Sounds Series LP) (Vinyl),$18.99 ,$29.99 
John Denver ," Poems, Prayers & Promises (50th Anniversary Reissue) (Vinyl)",$27.99 ,$18.79 
John Lennon ," GIMME SOME TRUTH (Target Exclusive, Vinyl)",$34.99 ,Universal Music Group
John Lennon , GIMME SOME TRUTH. (2 LP) (Walmart) (Vinyl),$58.99 ,1.1 out of 5 stars with 7 ratings
John Mayer ," Sob Rock (Target Exclusive, Vinyl)",$25.99 ,Sony Music
John Mayer , The Search for Everything (Vinyl),$23.49 ,5 out of 5 stars with 2 ratings
John Mellencamp , The Good Samaritan Tour 2000 (LP) (Vinyl),$46.49 ,$21.49 
John Mellencamp , The Best That I Could Do 1978,$20.49 ,5 out of 5 stars with 1 ratings
John Prine , Bruised Orange (Vinyl),$19.59 ,5 out of 5 stars with 1 ratings
John Prine , John Prine (Live) (Vinyl),$15.29 ,$23.99 
John Williams , Star Wars: The Rise of Skywalker (2 LP) (Vinyl),$23.99 ,$22.49 
Johnny Cash , Classic Cash: Hall Of Fame Series (2 LP) (Vinyl),$18.89 ,$27.99 
Jon Batiste , Music From and Inspired By Soul (LP) (Vinyl),$13.99 ,5 out of 5 stars with 3 ratings
Jonah Mutono , GERG (LP) (Vinyl),$42.99 ,$27.99 
"Jones, Sharon & The Dap",Kings ,$33.49 ,$16.99 
Joshua Redman & Brad Mehldau , Nearness (Vinyl),$17.99 ,$29.99 
Judas Priest , Reflections:50 Heavy Metal Years Of Music (Vinyl),$25.99 ,$33.99 
Juice WRLD , Goodbye & Good Riddance (LP) (EXPLICIT LYRICS) (Vinyl),$21.99 ,4.8 out of 5 stars with 6 ratings
Juicy J , Hustle Till I Die (Vinyl),$22.49 ,$32.99 
Junglepussy , Jp4 (Vinyl),$24.99 ,$18.79 
Justin Bieber , Justice (2 Picture Discs) (EXPLICIT LYRICS) (Vinyl),$23.99 ,5 out of 5 stars with 4 ratings
Justin Bieber ," Anyone / Holy (12"" Single) (Vinyl)",$11.29 ,5 out of 5 stars with 8 ratings
Justin Timberlake , Man of the Woods (Vinyl),$20.99 ,Ingram Entertainment
K.D. Lang , Watershed (Vinyl),$25.99 ,$14.59 
Kacey Musgraves , Golden Hour,$20.99 ,Universal Music Group
Kacey Musgraves ," A Very Kacey Christmas (Target Exclusive, Vinyl)",$22.99 ,Universal Music Group
Kacey Musgraves , Same Trailer Different Park (LP) (Vinyl),$23.99 ,5 out of 5 stars with 7 ratings
Kacey Musgraves , Pageant Material (LP) (Vinyl),$20.99 ,4.3 out of 5 stars with 3 ratings
Kacey Musgraves , The Kacey Musgraves Christmas Show (LP) (White) (Vinyl),$199.99 ,$19.99 
Kacey Musgraves: star,"crossed (Target Exclusive, Vinyl)",$26.99 ,Universal Music Group
Kandace Springs , The Women Who Raised Me (2 LP) (Vinyl),$22.99 ,$18.99 
Karen Black , Dreaming Of You (1971,$22.99 ,$22.49 
Kate Bush , Never for Ever (Vinyl),$149.99 ,$24.99 
Katy Perry , Smile (LP) (Bone White) (Vinyl),$21.49 ,4.4 out of 5 stars with 7 ratings
Keaton Henson , Supernova (Original Motion Picture Sound (Vinyl),$199.99 ,$14.69 
Kehlani , It Was Good Until It Wasn't (EXPLICIT LYRICS) (Vinyl),$18.99 ,5 out of 5 stars with 9 ratings
Keith Richards & The , Live At The Hollywood Palladiu (Vinyl),$32.99 ,$174.99 
Keith Urban ," THE SPEED OF NOW Part 1 (Target Exclusive, Vinyl)",$21.99 ,Universal Music Group
Keith Urban , THE SPEED OF NOW Part 1 (2 LP) (Vinyl),$22.99 ,$20.99 
Kelsea Ballerini , Unapologetically,$27.99 ,The Orchard
Kelsy Karter , Missing Person (Vinyl),$19.59 ,5 out of 5 stars with 1 ratings
Kendrick Lamar ," good kid, m.A.A.d city (Target Exclusive, Vinyl)",$17.99 ,Universal Music Group
Kendrick Lamar ," Damn (Target Exclusive, Vinyl)",$32.99 ,Universal Music Group
Kendrick Lamar ," Good Kid, M.A.A.D. City [Bonus Tracks] [Explicit Lyrics] (Vinyl)",$18.97 ,Universal Music Group
Kendrick Lamar , To Pimp a Butterfly [Explicit Lyrics] (Vinyl),$26.99 ,Universal Music Group
Khalid ," American Teen (Target Exclusive, Translucent Blue Vinyl)",$20.99 ,Sony Music
Khalid , American Teen [Explicit Lyrics],$22.99 ,Sony Music
Kid Cudi , Man On The Moon III: The Chosen (2LP) (Vinyl),$25.99 ,Universal Music Group
Kida Shunsuke , Demon's Souls Gold Vinyl,$21.99 ,$27.99 
KIDS SEE GHOSTS ," KIDS SEE GHOSTS (Target Exclusive, Vinyl)",$16.99 ,Universal Music Group
Kids See Ghosts , Kids See Ghosts (EXPLICIT LYRICS) (Vinyl),$14.47 ,Universal Music Group
Kilimanjaro Darkjazz , The Kilimanjaro Darkjazz Ensemble (Vinyl),$25.99 ,$31.49 
Kilo Kish , REDUX (LP) (Vinyl),$15.29 ,5 out of 5 stars with 1 ratings
King Diamond , Conspiracy (Vinyl),$27.99 ,$23.99 
King Princess , Cheap Queen (Vinyl),$20.99 ,5 out of 5 stars with 2 ratings
Kings of Leon , When You See Yourself (Vinyl),$21.49 ,4.5 out of 5 stars with 2 ratings
Kip Moore , Wild World (2 LP) (Vinyl),$22.99 ,$22.99 
Knopfler Mark , Studio Albums 1996 2007 (Vinyl),$199.99 ,New at
Knuckle Puck , 20/20 (Vinyl),$36.99 ,$23.99 
Koo Koo Kanga Roo , Slow Clap (LP) (Vinyl),$21.49 ,$18.59 
Korn , Requiem (Vinyl),$17.99 ,Universal Music Group
KSI , All Over The Place (Vinyl),$20.99 ,3.7 out of 5 stars with 3 ratings
Kurt Vile , Speed Sound Lonely Kv (Ep) (Vinyl),$20.49 ,$16.69 
Kuti Femi & Made Ku , Legacy+ (Vinyl),$36.99 ,$29.99 
Kylie Minogue , Disco (Vinyl),$18.99 ,5 out of 5 stars with 6 ratings
La Roux , Supervision (Vinyl),$15.59 ,5 out of 5 stars with 1 ratings
Lady A , Ocean (2 LP) (Vinyl),$15.59 ,3.4 out of 5 stars with 5 ratings
Lady Gaga , Chromatica (Milky Clear) (Vinyl),$21.99 ,Universal Music Group
Lady Gaga , Chromatica (LP) (Vinyl),$34.49 ,5 out of 5 stars with 3 ratings
Lady Gaga , BORN THIS WAY THE TENTH ANNIVERSARY (3 LP) (Vinyl),$49.49 ,New at
Lake Street Dive , Obviously (Vinyl),$17.99 ,5 out of 5 stars with 1 ratings
Lamb Of God , Lamb Of God (Vinyl),$15.89 ,5 out of 5 stars with 1 ratings
Lana Del Rey, Born to Die (Vinyl),$16.62 ,Alliance Entertainment
Lana Del Rey ," Chemtrails Over the Country Club (Target Exclusive, Vinyl)",$34.99 ,Universal Music Group
Lana Del Rey , Violet Bent Backwards Over The Grass (LP) (Vinyl),$24.99 ,4.3 out of 5 stars with 6 ratings
Lang K.D. , Makeover (Vinyl),$22.99 ,$22.49 
LANY , gg bb xx (White LP) (Vinyl),$31.49 ,New at
Led Zeppelin , Houses of The Holy (Vinyl),$17.59 ,3.4 out of 5 stars with 5 ratings
Led Zeppelin , Led Zeppelin IV (Vinyl),$39.99 ,Warner Music Group
Led Zeppelin , Physical Graffitti (Vinyl),$39.99 ,Ingram Entertainment
Led Zeppelin , Led Zeppelin I (Vinyl),$21.49 ,$49.99 
Lee Konitz/Gerry Mulligan , Lee Konitz Plays With The Gerry Mulligan Quartet (Blue Note Tone Poet Series) (LP) (Vinyl),$22.99 ,$30.49 
Leon Bridges , Gold,$24.99 ,Sony Music
Leon Bridges , Good Thing,$15.99 ,Sony Music
Leonard Cohen , Live In London (Vinyl),$31.49 ,$28.49 
Leslie Jordan , Company's Coming (Vinyl),$23.99 ,5 out of 5 stars with 1 ratings
Less Than Jake , B Is For B Sides (Vinyl),$28.49 ,$23.99 
Lewis Capaldi , Divinely Uninspired To A Hellish Extent (LP) (EXPLICIT LYRICS) (Vinyl),$23.99 ,5 out of 5 stars with 8 ratings
Li Lykke , Wounded Rhymes (Vinyl),$25.99 ,5 out of 5 stars with 1 ratings
Liars , The Apple Drop (Limited Edition Recycled Color Vinyl),$23.49 ,5 out of 5 stars with 1 ratings
Lil Baby ," The Bigger Picture (Glossy Black 12"") (EXPLICIT LYRICS) (Vinyl)",$16.49 ,5 out of 5 stars with 1 ratings
Lil Baby , My Turn (Black Ice Deluxe 3 LP) (EXPLICIT LYRICS) (Vinyl),$35.49 ,5 out of 5 stars with 3 ratings
Lil Yachty , Lil Boat 3 (2 LP) (EXPLICIT LYRICS) (Vinyl),$21.99 ,5 out of 5 stars with 1 ratings
Lily Kershaw , Arcadia (Vinyl),$19.99 ,$22.99 
Lin,Manuel Miranda ,$22.99 ,$42.49 
Lindsay Lohan , Speak (LP) (Vinyl),$17.99 ,5 out of 5 stars with 2 ratings
Lionel Richie ," The Definitive Collection (Target Exclusive, Vinyl)",$34.99 ,Universal Music Group
Little Steven , Summer Of Sorcery (Vinyl),$21.99 ,$31.49 
Lizzo , Cuz I Love You (Deluxe LP) (EXPLICIT LYRICS) (Vinyl),$15.89 ,4.5 out of 5 stars with 8 ratings
Lizzo , Coconut Oil (EXPLICIT LYRICS) (Vinyl),$15.89 ,5 out of 5 stars with 5 ratings
Local Natives / Sylvan Esso ," Dark Days (7"" Single) (Vinyl)",$58.99 ,$6.99 
Lorde , Pure Heroine (LP) (Vinyl),$24.99 ,4.5 out of 5 stars with 10 ratings
Loretta Lynn , ICON (LP) (Vinyl),$25.99 ,$19.99 
Los Lobos , How Will The Wolf Survive (Vinyl),$14.69 ,$19.99 
Louis Prince , Thirteen (Vinyl),$24.99 ,$22.99 
Lovelytheband , Conversations With Myself About You (Vinyl),$22.49 ,$22.49 
Low , C'mon (Vinyl),$18.29 ,$14.29 
Lucifer , Black Mass (Color Vinyl),$18.69 ,$22.99 
Lucky Daye , Painted (Explicit Wide Deluxe Vinyl) (EXPLICIT LYRICS),$20.99 ,4.7 out of 5 stars with 9 ratings
Luke Bryan ," Born Here Live Here Die Here (Target Exclusive, Vinyl)",$24.99 ,Universal Music Group
Lynch Mob , Revolution (Vinyl),$70.99 ,$21.99 
Mac DeMarco , Here Comes The Cowboy (LP) (Vinyl),$24.99 ,$15.59 
Machinedrum , A View Of U (Marbled Silver White Blac (Vinyl),$15.29 ,$23.99 
Madeleine Peyroux , Careless Love (Deluxe Edition) (3 LP) (Vinyl),$199.99 ,$50.99 
Madness , Our House (Vinyl),$27.99 ,$18.69 
Madonna , Like a Virgin (Clear) (Vinyl),$17.99 ,5 out of 5 stars with 3 ratings
Madonna , Immaculate Collection (Vinyl),$32.99 ,5 out of 5 stars with 2 ratings
Maggot Heart , Mercy Machine (Vinyl),$23.99 ,$19.99 
Makaya Mccraven , Universal Beings E&F Sides (Vinyl),$15.29 ,$16.29 
Malibu Ken & Aesop Rock , Malibu Ken (Vinyl),$199.99 ,$19.99 
Mammoth Wvh , Mammoth Wvh (Vinyl),$20.49 ,$29.49 
Manic Street Preachers , Holy Bible (Vinyl),$29.99 ,$22.99 
Manslaughter 777 , World Vision Perfect Harmony (Vinyl),$27.99 ,$21.49 
Marc Anthony ," 3.0 (Target Exclusive, Vinyl)",$16.99 ,Sony Music
MARCONI UNION , Dead Air (Vinyl),$18.79 ,$22.99 
Margo Price , That's How Rumors Get Started (LP) (Vinyl),$20.99 ,$14.69 
Mariah Carey ," Merry Christmas (Target Exclusive, Vinyl)",$22.99 ,Sony Music
Mariah Carey , Me. I Am Mariah...The Elusive Chanteuse (2 LP) (EXPLICIT LYRICS) (Vinyl),$22.49 ,$21.49 
Mariah Carey , Charmbracelet (2 LP) (Vinyl),$23.99 ,5 out of 5 stars with 1 ratings
Martha Wainwright , Love Will Be Reborn (EXPLICIT LYRICS) (Vinyl),$15.29 ,$19.59 
Marvin Gaye," Number 1's (Target Exclusive, Vinyl)",$21.99 ,Universal Music Group
Marvin Gaye ," What's Going On (Target Exclusive, Vinyl)",$24.99 ,Universal Music Group
Marvin Gaye , What's Going On (Vinyl),$24.99 ,Universal Music Group
Marvin Gaye , More Trouble (LP) (Vinyl),$23.99 ,$17.29 
Mary J. Blige , HERstory Vol. 1 (2 LP) (EXPLICIT LYRICS) (Vinyl),$22.99 ,5 out of 5 stars with 1 ratings
Mascis J , Martin + Me: Limited Edition Yellow Viny (Vinyl),$22.99 ,$29.99 
Max Romeo , Revelation Time (Vinyl),$20.99 ,$16.99 
Mayall John , Along For The Ride (2 Lp) (Vinyl),$22.99 ,$23.99 
Mayall John & The B , Padlock On The Blues (2 Lp) (Vinyl),$14.99 ,$22.49 
Mayer John , Sob Rock (Vinyl),$23.49 ,3 out of 5 stars with 4 ratings
Mcbride Martina , Greatest Hits:Rca Years (Vinyl),$20.49 ,5 out of 5 stars with 1 ratings
Mcbride Martina , White Christmas (Vinyl),$22.49 ,$19.49 
Meat Loaf ," Bat Out of Hell (Target Exclusive, Vinyl )",$21.99 ,Sony Music
Meg & Dia , Happysad (Vinyl),$21.99 ,$17.89 
Meghan Trainor , Title (Vinyl),$19.99 ,5 out of 5 stars with 2 ratings
Melvins , Five Legged Dog (Vinyl),$46.49 ,New at
Mendes Sergio , Swinger From Rio (Vinyl),$20.49 ,$23.49 
Metallica , 5.98 EP: Garage Days Re,$15.99 ,5 out of 5 stars with 2 ratings
Metallica , Metallica Remastered 5 Lp/14 Cd/6 Dd (EXPLICIT LYRICS) (Vinyl),$29.99 ,$204.99 
Metallica And Variou , Ode To Black (Vinyl),$22.99 ,$141.99 
Michael Franti , Stay Human Vol. II (Vinyl),$28.49 ,$22.99 
Michael Jackson , Dangerous (Vinyl),$27.99 ,5 out of 5 stars with 1 ratings
Michael McGear , McGear (Vinyl),$26.49 ,$27.99 
Mick Jagger , Goddess In The Doorway (2 LP) (Vinyl),$25.99 ,$29.99 
Midnight In The , Midnight In The Garden Of Good & Evil (Music From & Inspired By The Motion) (Vinyl),$36.99 ,$23.49 
Miles Davis , Merci Miles! Live At Vienne (Vinyl),$149.99 ,$30.99 
Miller Mac , Swimming In Circles (EXPLICIT LYRICS) (Vinyl),$78.99 ,4.9 out of 5 stars with 16 ratings
Ministry , Everyday (Is Halloween) The Lost Mixes (Vinyl),$19.99 ,5 out of 5 stars with 1 ratings
Ministry , Twitch (Vinyl),$18.39 ,$24.99 
Mirah , Advisory Committee (Blood Red Vinyl),$24.99 ,$14.39 
Misch Tom , Beat Tape 1 (Vinyl),$19.99 ,$23.49 
Mitchell Roscoe , Dots / Pieces For Percussion And Woodwin (Vinyl),$27.49 ,$12.99 
Mix Master Mike And , Beat Odyssey 2020 (Vinyl),$25.99 ,$18.69 
Mo Pitney , Ain't Looking Back (Vinyl),$199.99 ,$19.59 
Moby ," Everything Was Beautiful, and Nothing Hurt (Vinyl)",$27.49 ,5 out of 5 stars with 1 ratings
Modest Mouse ," No One's First, And You're Next (Vinyl)",$21.49 ,$20.99 
Mogwai , As The Love Continues (Vinyl),$27.99 ,5 out of 5 stars with 1 ratings
Moritz Von Oswald Mo , Dissent (Feat. Heinrich K Bber (Vinyl),$58.99 ,$27.49 
Morrison Mark , Return Of The Mack Purple (Vinyl),$42.99 ,$19.79 
Morrissey and David Bowie , Cosmic Dancer (Vinyl),$67.99 ,$14.99 
Motley Crue , Dr. Feelgood (30th Anniversary) (Vinyl),$23.49 ,$163.99 
Mount Fuji Doomjazz , Egor Turquoise Vinyl,$23.99 ,$31.49 
Mouse On Mars , Aai (Vinyl),$29.99 ,$26.99 
Mr Jukes/Barney Artist , The Locket (LP) (Vinyl),$23.99 ,$19.79 
Mudhoney , Every Good Boy Deserves Fudge (30 Th Anni (Vinyl),$199.99 ,$26.99 
Muse , Simulation Theory (Vinyl),$19.99 ,4.5 out of 5 stars with 2 ratings
Muse , Origin Of Symmetry Xx Anniversary Remixx 2 Lp (Vinyl),$15.29 ,$22.99 
My Bloody Valentine , M B V (Vinyl),$18.79 ,$28.49 
My Brightest Diamond , Million And One (Vinyl),$28.49 ,$14.49 
My Morning Jacket , Live 2015 (White 3 LP) (Vinyl),$33.49 ,5 out of 5 stars with 2 ratings
My Morning Jacket , Evil Urges (Cream/Black Blob 2 LP) (Vinyl),$27.99 ,5 out of 5 stars with 1 ratings
My Morning Jacket ," My Morning Jacket (2LP) (Target Exclusive, Vinyl)",$26.99 ,Universal Music Group
My Morning Jacket , Z (2 LP) (Purple) (Vinyl),$26.49 ,$23.99 
Mystikal , Unpredictable (Vinyl),$21.49 ,$22.99 
N.W.A. , Straight Outta Compton [Explicit Lyrics] (Vinyl),$22.70 ,Universal Music Group
Nas , King's Disease Ii (Vinyl),$27.99 ,$21.49 
Nat King Cole ," The Christmas Song (Target Exclusive, Vinyl)",$24.99 ,Universal Music Group
Natalie Cole ," Unforgettable…With Love (30th Anniversary Edition) (2LP)(Target Exclusive, Vinyl)",$29.99 ,Universal Music Group
Nathaniel Rateliff , And It's Still Alright (LP)(Coke Bottle Green) (EXPLICIT LYRICS) (Vinyl),$199.99 ,$20.49 
Nathaniel Rateliff & The Night Sweats ," The Future (Target Exclusive, Vinyl)",$24.99 ,Universal Music Group
NCT 127 , The 4th Mini Album 'NCT #127 WE ARE SUPERHUMAN' (Picture Disc) (Vinyl),$14.59 ,4 out of 5 stars with 6 ratings
Needtobreathe , Out Of Body (Vinyl),$26.99 ,$18.99 
Needtobreathe , Into The Mystery (Vinyl),$14.59 ,$20.99 
Neil Diamond , All,$27.99 ,Universal Music Group
Neil Young , The Times (Vinyl),$39.99 ,$13.89 
Neil Young , Hawks & Doves (Vinyl),$22.49 ,$19.99 
Neil Young , American Stars 'N Bars (Vinyl),$22.99 ,$20.99 
Neil Young & Crazy Horse , Rust Never Sleeps (Vinyl),$18.99 ,$20.99 
Neil Young & Stray Gators , Tuscaloosa (Vinyl),$37.49 ,$23.49 
Neil Young + Promise of the Real , Visitor (Vinyl),$19.99 ,$29.49 
Neil Young + Promise of the Real , Paradox (Vinyl),$149.99 ,$37.49 
Neil Young with Crazy Horse , Colorado (Vinyl),$37.49 ,$39.99 
Neutral Milk Hotel , In The Aeroplane Over The Sea (Vinyl),$14.99 ,5 out of 5 stars with 3 ratings
New Model Army , Carnival (Redux) Limited White 2 Lp (Vinyl),$199.99 ,$23.99 
New york ska,jazz ,$18.39 ,$20.99 
Nick Lowe , Quality Street (Vinyl),$149.99 ,$22.99 
Nickelback , Long Road (Vinyl),$34.49 ,$21.99 
Nicki Minaj , Pink Friday (10th Anniversary) (Deluxe Pink/White Swirl 3 LP) (EXPLICIT LYRICS) (Vinyl),$59.99 ,Universal Music Group
Nicks Stevie , Live In Concert The 24 Karat Gold Tour (Vinyl),$29.99 ,5 out of 5 stars with 2 ratings
Nicolas Godin , Concrete And Glass (LP + CD) (Vinyl),$15.29 ,$24.99 
Night Ranger , ATBPO (Red Vinyl),$22.49 ,$20.99 
Nightwish , Dark Passion Play (Vinyl),$37.49 ,5 out of 5 stars with 1 ratings
Niko Moon , Good Time (Vinyl),$23.99 ,$24.99 
Nina Simone , Fodder On My Wings (LP) (Vinyl),$22.49 ,5 out of 5 stars with 1 ratings
Nine Inch Nails , Pretty Hate Machine (Vinyl),$18.97 ,Universal Music Group
Nine Inch Nails ," Broken (LP/7"" Combo) (EXPLICIT LYRICS) (Vinyl)",$21.99 ,5 out of 5 stars with 2 ratings
Nine Inch Nails , With Teeth (2 LP) (EXPLICIT LYRICS) (Vinyl),$24.99 ,5 out of 5 stars with 1 ratings
Nine Inch Nails , The Fragile: Deviations 1 (4 LP) (Vinyl),$22.99 ,$60.99 
Nine Inch Nails , Hesitation Marks (2 LP/180 Gram/Reissue) (Vinyl),$29.99 ,5 out of 5 stars with 2 ratings
Nirvana , Nevermind (Vinyl),$22.77 ,Universal Music Group
Nirvana ," Unplugged (Target Exclusive, Vinyl)",$24.99 ,Universal Music Group
No Doubt , No Doubt (LP) (Vinyl),$42.99 ,$21.49 
Noga Erez , Kids (Vinyl),$22.99 ,$16.69 
Norah Jones , Begin Again (LP) (Vinyl),$13.99 ,3 out of 5 stars with 1 ratings
Norah Jones ," I Dream Of Christmas (Target Exclusive, Vinyl)",$24.99 ,Universal Music Group
Nytt Land , Ritual (Vinyl),$52.99 ,$22.99 
Oasis , Knebworth 1996 (EXPLICIT LYRICS) (Vinyl),$52.99 ,New at
Obituary , Slowly We Rot (Vinyl),$22.99 ,$29.99 
O'Jays , Ship Ahoy (Vinyl),$27.99 ,$14.99 
Old 97 S , Fight Songs Deluxe Edition Rog (Vinyl),$33.49 ,$44.99 
Old 97's , Love The Holidays (LP)(Red/White Swirl) (Vinyl),$24.99 ,$23.99 
Old Dominion , Meat And Candy (Vinyl),$17.99 ,$19.99 
Olivia Newton,John ,$24.99 ,Universal Music Group
Olivia Rodrigo ," SOUR (Target Exclusive, Vinyl)",$24.99 ,Universal Music Group
Olivia Rodrigo , SOUR (Vinyl),$23.05 ,Universal Music Group
Olsson Bjorn , Instrumentalmusik Sjunka In Eller Kanske Forsvinna Till (Vinyl),$22.99 ,$13.99 
Ominous Ruin , Amidst Voices That Echo In Stone (Random Color LP) (Vinyl),$67.99 ,$23.99 
Original Cast , Prom: A New Musical (OCR) (Vinyl),$24.99 ,$32.99 
Osbourne Ozzy , No More Tears (Vinyl),$34.49 ,5 out of 5 stars with 1 ratings
Otis Redding , Lonely & Blue: The Deepest Soul Of Otis Redding (LP) (Vinyl),$19.99 ,5 out of 5 stars with 5 ratings
Our New Orleans , Our New Orleans (Vinyl),$24.99 ,$20.99 
Ozzy Osbourne , Blizzard Of Ozz (Vinyl),$19.99 ,1 out of 5 stars with 4 ratings
P!Nk , All I Know So Far: Setlist (EXPLICIT LYRICS) (Vinyl),$22.99 ,5 out of 5 stars with 1 ratings
Page Jimmy & Friends , Tribute To Alexis Korner Vol. 2 (Vinyl),$30.49 ,$33.49 
Panic! At The Disco , Pray For The Wicked,$31.49 ,Warner Music Group
Panic! At The Disco , Death Of A Bachelor 25 Th Annv. Silver (EXPLICIT LYRICS) (Vinyl),$17.49 ,4.5 out of 5 stars with 2 ratings
Park Hye J , Before I Die (Baby Blue Vinyl) (EXPLICIT LYRICS),$15.29 ,$22.99 
Partynextdoor , Colours (EXPLICIT LYRICS) (Vinyl),$17.99 ,$19.59 
Pat Metheny , From This Place (Vinyl),$28.49 ,$23.99 
Paul Butterfield Blues Band , Live At Woodstock (Vinyl),$14.99 ,$29.99 
Paul McCartney ," McCartney III (Target Exclusive, Vinyl)",$26.99 ,Universal Music Group
Paul McCartney & Wings , Red Rose Speedway (2 LP) (Vinyl),$34.99 ,5 out of 5 stars with 1 ratings
Paul Stanley's Soul Station , NOW AND THEN (2 LP) (Vinyl),$19.99 ,$23.99 
Paul Weller , True Meanings (Vinyl),$24.99 ,$39.99 
Paul Weller ," On Sunset Remixes (12"" Single) (Vinyl)",$17.49 ,$18.99 
PAVEMENT , Slanted & Enchanted (Vinyl),$15.29 ,$17.99 
Peach Pit , You And Your Friends (EXPLICIT LYRICS) (Vinyl),$18.69 ,5 out of 5 stars with 1 ratings
Pearl Jam , Gigaton (2 LP) (Vinyl),$29.12 ,Universal Music Group
Peggy Lee , Black Coffee (Verve Acoustic Sounds Series) (LP) (Vinyl),$22.49 ,$25.49 
Pentatonix ," PTX Presents: Top Pop, Vol. I (Vinyl)",$17.99 ,5 out of 5 stars with 2 ratings
Perry lee scatch , Super ape vs# open door (Vinyl),$21.49 ,$29.49 
Pet shop boys , Agenda (Vinyl),$35.49 ,$10.99 
Pet Shop Boys , I Don't Wanna (Vinyl),$14.99 ,$9.99 
Peter Frampton , Peter Frampton Forgets The Words (2 LP) (Vinyl),$29.99 ,$25.49 
Peterson Oscar , Motions & Emotions (Limited Edition Numb (Vinyl),$45.99 ,$18.69 
Petrucciani michael , Colors lp (Vinyl),$19.29 ,$29.99 
Petty Tom , Angel Dream(Songs From She's The One) (Vinyl),$18.99 ,5 out of 5 stars with 2 ratings
Phair Liz , Soberish (Vinyl),$21.49 ,$14.99 
Phantastic Ferniture , Phantastic Ferniture (Vinyl),$21.99 ,5 out of 5 stars with 1 ratings
Phish , LP On LP 01 (Vinyl),$13.99 ,$16.89 
Phish , LP On LP 02 (Vinyl),$20.49 ,5 out of 5 stars with 1 ratings
Pink Floyd, The Dark Side of the Moon (Vinyl),$59.89 ,Sony Music
Pink Floyd , The Wall (Vinyl),$46.99 ,Sony Music
Pink Floyd , Wish You Were Here (Vinyl),$32.99 ,Sony Music
Pink Sweat$ , Pink Planet (Vinyl),$21.49 ,5 out of 5 stars with 1 ratings
Pistol Annies ," Hell of a Holiday (Target Exclusive, Vinyl)",$22.99 ,Sony Music
PIXIES , Surfer Rosa (Vinyl),$249.99 ,$23.99 
PJ Harvey ," Stories From The City, Stories From The Sea (LP) (Vinyl)",$34.99 ,$16.99 
PJ Harvey ,4,$21.99 ,$21.49 
PJ Harvey , Rid Of Me (LP) (Vinyl),$20.49 ,5 out of 5 stars with 1 ratings
Pop Smoke ," Shoot For The Stars Aim For The Moon (Target Exclusive, Vinyl)",$34.99 ,Universal Music Group
Pop Smoke , Meet The Woo 2 (Deluxe 2,$22.99 ,5 out of 5 stars with 3 ratings
Pop Smoke , Shoot For The Stars Aim For The Moon (2 LP) (EXPLICIT LYRICS) (Vinyl),$23.49 ,4.6 out of 5 stars with 5 ratings
Pop Smoke , Shoot For The Stars Aim For The Moon (Clear Vinyl 2 LP),$26.49 ,5 out of 5 stars with 1 ratings
Popcaan , Fixtape (EXPLICIT LYRICS) (Vinyl),$19.99 ,$28.99 
Porter Robinson , Worlds (2 LP) (Vinyl),$17.99 ,4.2 out of 5 stars with 5 ratings
Portugal The Man , Oregon City Sessions (Vinyl),$18.79 ,$23.99 
Portugal. The Man , In The Mountain In The Cloud (EXPLICIT LYRICS) (Vinyl),$19.59 ,New at
Post Malone ," Hollywood's Bleeding (LP) (Target Exclusive, Vinyl)",$37.99 ,Universal Music Group
Post Malone ," Wow. (7"") (EXPLICIT LYRICS) (Vinyl)",$11.99 ,4.2 out of 5 stars with 6 ratings
Powerwolf , Call Of The Wild (Vinyl),$15.29 ,$20.99 
Pretenders , Hate For Sale (Vinyl),$15.29 ,$23.99 
Pride 2021 , Pride 2021 (EXPLICIT LYRICS) (Vinyl),$23.99 ,$14.29 
Prince ," Welcome 2 America (Target Exclusive, Vinyl)",$26.99 ,Sony Music
Prince ," Sign O’ The Times (Target Exclusive, Vinyl)",$31.99 ,Sony Music
Prince , Sign O' The Times (EXPLICIT LYRICS) (Vinyl),$69.99 ,5 out of 5 stars with 2 ratings
Prince , One Nite Alone... (Vinyl),$25.99 ,5 out of 5 stars with 1 ratings
Prince , Welcome 2 America (Deluxe Edition ,$68.99 ,5 out of 5 stars with 5 ratings
Prince & The Revolution ," Purple Rain (Target Exclusive, Vinyl)",$22.99 ,Warner Music Group
Prine John , Sweet Revenge (Vinyl),$21.99 ,5 out of 5 stars with 1 ratings
Pulp Fiction ," Soundtrack (Target Exclusive, Vinyl)",$24.99 ,Universal Music Group
Pup , This Place Sucks Ass (Vinyl),$20.49 ,$11.19 
PVRIS , Use Me (EXPLICIT LYRICS) (Vinyl),$19.99 ,5 out of 5 stars with 1 ratings
Queen ," Greatest Hits 2 (Target Exclusive, Vinyl)",$34.99 ,Universal Music Group
Queen , Bohemian Rhapsody (Ost) (Vinyl),$27.97 ,Universal Music Group
Queen , Queen (LP) (Vinyl),$17.99 ,5 out of 5 stars with 3 ratings
Queens Of The Stone Age , Lullabies To Paralyze (2 LP) (EXPLICIT LYRICS) (Vinyl),$25.49 ,5 out of 5 stars with 3 ratings
RADIOHEAD , King of Limbs (Vinyl),$68.99 ,$22.99 
Rainbow , Black Masquerade (Ltd. Light Green 3 Lp) (Vinyl),$14.99 ,$27.99 
Rainbow Kitten Surpr , Rks! Live From Athens Georgia (Vinyl),$24.99 ,$38.99 
Ramin Djawadi , Game of thrones: s8(selections from the hboseries)the iron throne version (Vinyl),$25.99 ,2 out of 5 stars with 1 ratings
Rammstein , Herzeleid ,$22.99 ,$37.99 
Rascal Flatts , Greatest Hits Volume 1 (2 LP) (Vinyl),$23.99 ,1 out of 5 stars with 1 ratings
Rascals , THE COMPLETE SINGLES A'S & B'S AUTOGRAPHED/NUMBERED LTD. ED (Vinyl),$70.99 ,5 out of 5 stars with 1 ratings
Raspberries , Greatest Hits (180 Gram Translucent Rasp (Vinyl),$15.29 ,$32.99 
Rawls Lou , Best Of Lou Rawls (Vinyl),$23.49 ,$18.89 
Ray Lamontagne , Monovision (Vinyl),$30.49 ,$16.99 
Raye , Euphoric Sad (Lp/Ex) (EXPLICIT LYRICS) (Vinyl),$13.99 ,$35.99 
Raymond Saint , We Forgot We Were Dreaming (Vinyl),$16.89 ,$22.99 
Red Dragon Cartel , Patina (Vinyl),$67.99 ,$15.99 
Red Fang , Arrows (Vinyl),$20.99 ,$17.99 
Redd Kross , Red Cross (Vinyl),$23.99 ,$14.89 
Rich Robinson , Llama Blues EP (LP) (Vinyl),$52.99 ,$15.99 
Rickie Lee Jones , Kicks (Vinyl),$22.99 ,$13.69 
Rico Nasty , Nightmare Vacation (EXPLICIT LYRICS) (Vinyl),$21.99 ,$19.99 
Rik Schaffer , Vampire: The Masquerade,$25.99 ,$25.49 
Ringo Starr , Zoom In ,$18.69 ,$16.99 
Rise Against ," Nowhere Generation (Target Exclusive, Vinyl)",$22.99 ,Universal Music Group
RJD2 , The Fun Ones (EXPLICIT LYRICS) (Vinyl),$22.49 ,$16.99 
Rjd2 , No helmet up indianola (Vinyl),$14.99 ,$6.19 
Robert Earl Keen , No. 2 Live Dinner (Vinyl),$37.49 ,$23.99 
Robert Plant & Alison Krauss ," Raising Sand (Target Exclusive, Vinyl)",$24.99 ,Universal Music Group
Robin Mcauley , Standing On The Edge (Vinyl),$18.79 ,$23.99 
Rod Stewart , You're In My Heart:Rod Stewart With The Royal Philharmonic Orchestra (Vinyl),$29.99 ,5 out of 5 stars with 1 ratings
Roddy Ricch , Please Excuse Me For Being Antisocial (EXPLICIT LYRICS) (Vinyl),$23.99 ,5 out of 5 stars with 1 ratings
Roger Joseph Manning Jr. , Glamping (Vinyl),$10.99 ,5 out of 5 stars with 1 ratings
Roger Taylor , Outsider (LP) (Vinyl),$22.49 ,$19.79 
Romeo Santos ," Formula Vol. 1 (Target Exclusive, Vinyl)",$22.99 ,Sony Music
Rory Gallagher , Rory Gallagher (3 LP) (Vinyl),$70.99 ,$43.99 
Roy Orbison , Sings Lonely And Blue (Vinyl),$29.99 ,$17.99 
Rumer , Live From Lafayette (Purple Vinyl),$18.39 ,$29.99 
Run The Jewels , RTJ4 Deluxe Edition (Vinyl),$47.99 ,5 out of 5 stars with 1 ratings
Rush , 2112 (LP) (Vinyl),$22.99 ,5 out of 5 stars with 1 ratings
Ry X & London Contem , Live From The Royal Albert Hal (Vinyl),$21.49 ,$22.49 
Saga , Worlds Apart (Lp) (Vinyl),$22.99 ,$19.99 
Saga , Saga (Lp) (Vinyl),$199.99 ,$22.49 
Sakamoto ryuichi , Thousand knives of ryuichi sakamoto (Vinyl),$20.99 ,$32.49 
Sam & Dave , Soul Men (Vinyl),$24.99 ,$19.99 
Sam Cooke , Best Of (Vinyl),$16.99 ,5 out of 5 stars with 2 ratings
Sam Cooke , Portrait Of A Legend 1951,$22.49 ,$22.99 
Sam Cooke ," Portrait Of A Legend (Target Exclusive, Vinyl) (2LP)",$34.99 ,Universal Music Group
Sam Cooke , Keep Movin' On (2 LP) (Vinyl),$199.99 ,$32.49 
Sam Hunt , SOUTHSIDE (LP) (Vinyl),$18.89 ,5 out of 5 stars with 5 ratings
Sam Smith ," Love Goes (Target Exclusive, Vinyl)",$39.99 ,Universal Music Group
San Cisco , Between You And Me (Vinyl),$36.99 ,$23.99 
Sanctuary , Into The Mirror Black (Vinyl),$14.99 ,$57.99 
Sara Bareilles , Amidst The Chaos: Live From The Hollywood Bowl (3 LP/150 Gram) (Vinyl),$32.49 ,5 out of 5 stars with 1 ratings
Sara Bareilles , More Love Songs From Little Voice Season One (Vinyl),$22.99 ,$17.99 
Savoy Brown , Ain't Done Yet (Vinyl),$16.99 ,5 out of 5 stars with 1 ratings
Schenker Michael , Ride On My Way (Vinyl),$32.99 ,$22.99 
Scritti Politti , Cupid & Psyche 85 (Vinyl),$28.49 ,$22.99 
SebastiAn , Thirst (Deluxe Double Colored Vinyl + CD),$35.49 ,$37.49 
Seether , DISCLAIMER II (2 LP) (Raspberry Red) (EXPLICIT LYRICS) (Vinyl),$23.49 ,$23.99 
Selena ," Ones (Target Exclusive, Vinyl)",$26.99 ,Universal Music Group
Selena Gomez ," Revelación (Target Exclusive, Vinyl)",$16.99 ,Universal Music Group
Selena Gomez , Rare (LP) (Vinyl),$18.59 ,4.3 out of 5 stars with 4 ratings
Selena Gomez , Revelación (Vinyl),$14.69 ,5 out of 5 stars with 3 ratings
Semisonic , You're Not Alone (Vinyl),$36.99 ,$12.99 
Seth MacFarlane , Great Songs From Stage And Screen (2 LP) (Vinyl),$37.49 ,$23.99 
Shaggy , Shaggy (Vinyl),$199.99 ,$19.99 
Shannon & The Clams , Year Of The Spider (LP) (Vinyl),$20.49 ,$20.49 
Shawn Mendes ," Wonder (Target Exclusive, Vinyl)",$24.99 ,Universal Music Group
Shawn Mendes , Shawn Mendes (LP) (Vinyl),$19.69 ,5 out of 5 stars with 4 ratings
Shawn Mendes , Wonder (LP) (Vinyl),$22.99 ,4.7 out of 5 stars with 3 ratings
Sheryl Crow , Live From The Ryman And More (Vinyl),$27.99 ,Universal Music Group
Shinedown , Threat To Survival (Clear Red Vinyl) (EXPLICIT LYRICS),$67.99 ,$19.99 
Shinedown , Amaryllis (Rustic Green Vinyl) (EXPLICIT LYRICS),$58.99 ,$29.99 
Shinedown , Us And Them (Clear Purple Vinyl),$25.49 ,5 out of 5 stars with 1 ratings
Shins , Oh Inverted World (20 Th Anniversary Rema (Vinyl),$22.49 ,$17.69 
Sick Of It All , Nonstop (Vinyl),$52.99 ,$29.99 
Sick Of It All , Last Act Of Defiance (Vinyl),$67.99 ,$29.99 
Silverstein , 18 Candles: The Early Years (2 LP) (Vinyl),$36.99 ,$25.99 
Simon & Garfunkel , Graduate (OST) (Vinyl),$18.99 ,5 out of 5 stars with 1 ratings
Simon Carly , The Best Of Carly Simon (180 Gram Transl (Vinyl),$34.99 ,New at
Simply red , Blue eyed soul lp (Vinyl),$70.99 ,$24.99 
Simpson Sturgill , Cuttin' Grass Vol. 2 (Cowboy Arms Sess (Vinyl),$23.99 ,$18.69 
SIR BABYGIRL , Crush On Me: BICONIC Edition (Vinyl),$36.99 ,$16.59 
Sleep Token , This Place Will Become Your Tomb (Blue 2 LP) (Vinyl),$199.99 ,$44.99 
Small Faces , Itchycoo Park (10 Picture Disc) (Vinyl),$25.99 ,$10.99 
SNAIL MAIL , Habit ep (Vinyl),$17.99 ,5 out of 5 stars with 1 ratings
Social Distortion , Mommy's Little Monster (LP) (Vinyl),$19.99 ,$21.99 
SOJA , Beauty In The Silence (White with Green/Blue/Red Splatter LP) (Vinyl),$199.99 ,$22.99 
Soko , Feel Feelings (LP) (Vinyl),$15.29 ,$27.99 
Soul Asylum , Hurry Up And Wait (Vinyl),$11.29 ,$19.59 
Soul Asylum , Delayed Reaction (LP)(Explicit) (EXPLICIT LYRICS) (Vinyl),$149.99 ,$17.49 
Soul Jazz Records Pr , Black Riot: Early Jungle Rave And Hardcore (Vinyl),$15.89 ,$28.49 
Soul Jazz Records Pr , Rocksteady Got Soul (Vinyl),$29.99 ,$33.99 
SOUL JAZZ RECORDS PRESENTS , Space funk: afro futurist electro funk in space 1976,$29.99 ,$32.99 
Soundtrack ," Soul (Target Exclusive, Vinyl)",$16.99 ,Universal Music Group
Soundtrack , The Lost Boys Original Motion Picture (Vinyl),$31.49 ,New at
Soundwalk collective , Mummer love (Vinyl),$199.99 ,$18.29 
Spice Girls , Spice (Vinyl),$24.99 ,Universal Music Group
Spice Girls , Spiceworld (LP) (Vinyl),$19.99 ,5 out of 5 stars with 3 ratings
Spice Girls , Forever (Deluxe LP) (Vinyl),$22.99 ,5 out of 5 stars with 3 ratings
SPOON , A Series Of Sneaks (Vinyl),$24.99 ,$22.49 
St. Vincent , Daddy's Home (LP) (Vinyl),$21.99 ,$20.99 
St. Vincent , Nina Kraviz Presents Masseduction Rewired (LP)(Clear) (EXPLICIT LYRICS) (Vinyl),$22.99 ,5 out of 5 stars with 1 ratings
Staind , Live: It's Been Awhile (Vinyl),$29.99 ,5 out of 5 stars with 1 ratings
Stanley Turrentine , That's Where It's At (Blue Note Tone Poet Series) (LP) (Vinyl),$23.99 ,$30.99 
Steely Dan , NORTHEAST CORRIDOR: STEELY DAN LIVE! (2 LP) (Vinyl),$30.15 ,Universal Music Group
Stephen Sondheim , Sweeney Todd: The Demon Barber (Vinyl),$24.99 ,$25.99 
Steve Miller Band , Rock Love (LP) (Vinyl),$58.99 ,$22.99 
Steve Miller Band , Recall The Beginning...A Journey From Eden (LP) (Vinyl),$19.99 ,$24.49 
Steve Perry , Traces (Target Exclusive Vinyl),$24.99 ,Universal Music Group
Steve Perry ," The Season (Target Exclusive, Vinyl)",$24.99 ,Universal Music Group
Stevie Wonder ," Number 1's (Target Exclusive, 2LP) (Vinyl)",$27.99 ,Universal Music Group
Sting , Duets (2 LP) (Vinyl),$15.29 ,$58.99 
Stone Temple Pilots , Tiny Music... Songs From The V (Vinyl),$46.99 ,$55.99 
Stone Temple Pilots , Perdida 140 G Black (Vinyl),$30.49 ,$17.69 
Streisand Barbra , Release Me 2 (Vinyl),$17.69 ,5 out of 5 stars with 2 ratings
Sturgill Simpson , Metamodern Sounds in Country Music (Vinyl),$24.99 ,$18.99 
Sturgill Simpson , Ballad Of Dood & Juanita (Vinyl),$18.69 ,New at
Sturgill Simpson , High Top Mountain (Vinyl),$11.99 ,$16.99 
Sturgill Simpson , Sound & fury(ost) lp (EXPLICIT LYRICS) (Vinyl),$17.29 ,5 out of 5 stars with 1 ratings
Sublime , Sublime (2 LP) (EXPLICIT LYRICS) (Vinyl),$24.99 ,2 out of 5 stars with 3 ratings
Subways , Young For Eternity (Vinyl),$36.99 ,$24.99 
Subways , All Or Nothing (Vinyl),$199.99 ,$23.99 
Sugarcult , Start Static (20th Anniversary Edition) (LP) (Vinyl),$15.99 ,3.8 out of 5 stars with 4 ratings
Sugarhill Gang , The Best Of Sugarhill Gang Rapper's Delight (Vinyl),$17.89 ,$41.99 
Survivor , The Best Of Survivor Greatest Hits (180 (Vinyl),$42.99 ,5 out of 5 stars with 1 ratings
Swallow The Sun , 20 Years Of Gloom Beauty And Despair (Vinyl),$199.99 ,$39.49 
Switchfoot , interrobang (LP) (Vinyl),$23.49 ,5 out of 5 stars with 3 ratings
Sylvan Esso , WITH LOVE (LP) (Vinyl),$20.49 ,$12.89 
System Of A Down , System Of A Down (Vinyl),$17.39 ,5 out of 5 stars with 1 ratings
System Of A Down , Mezmerize (Vinyl),$19.69 ,5 out of 5 stars with 1 ratings
System Of A Down , Hypnotize (Vinyl),$19.99 ,5 out of 5 stars with 1 ratings
Tame Impala , InnerSpeaker (2 LP) (Vinyl),$23.99 ,4.1 out of 5 stars with 7 ratings
Tank And The Bangas , Friend Goals (LP) (Vinyl),$22.49 ,$17.49 
Tash Sultana , Terra Firma (Vinyl),$18.99 ,$28.99 
Taylor Swift ," evermore (Target Exclusive, Vinyl)",$24.99 ,Universal Music Group
Taylor Swift ," Fearless (Taylor's Version) (Target Exclusive, Vinyl) (3LP)",$39.99 ,Universal Music Group
Taylor Swift ," folklore (Target Exclusive, Vinyl)",$24.99 ,Universal Music Group
Tears For Fears ," The Tipping Point (Target Exclusive, Vinyl)",$22.99 ,Universal Music Group
Teenage Wrist , Chrome Neon Jesus (Vinyl),$15.29 ,$19.99 
Temples , Hot Motion (LP)(Forest Green/Tan with Red/Yellow Sp (Vinyl),$18.39 ,$17.49 
Tenille Townes , The Lemonade Stand (Vinyl),$19.79 ,5 out of 5 stars with 1 ratings
Tesla , Five Man London Jam (2 LP) (Vinyl),$70.99 ,$23.99 
Testament , Live at The Fillmore (Vinyl),$23.49 ,$26.99 
The Animals , The Best Of The Animals (LP) (Vinyl),$19.99 ,5 out of 5 stars with 1 ratings
The Anniversary , Designing A Nervous Breakdown (Vinyl),$9.49 ,$19.39 
The Archives , Carry Me Home: A Reggae Tribute to Gil Scott,$36.99 ,$23.99 
The Avett Brothers , I And Love And You (2 LP) (Vinyl),$28.49 ,5 out of 5 stars with 2 ratings
The Band , Stage Fright ,$24.99 ,$20.99 
The Band Camino , The Band Camino (EXPLICIT LYRICS) (Vinyl),$27.99 ,$22.49 
The Beach Boys , Pet Sounds (Mono Vinyl),$24.99 ,5 out of 5 stars with 2 ratings
The Beatles , Revolver (Remastered) (Vinyl),$18.69 ,Universal Music Group
The Beatles , 1 (LP) (Vinyl),$49.99 ,Universal Music Group
The Beatles , Let It Be + T,$37.99 ,Universal Music Group
The Beatles , Abbey Road Anniversary (3 LP Deluxe) (Vinyl),$65.46 ,Universal Music Group
The Black Crowes , Shake Your Money Maker (2020 Remaster) (LP) (Vinyl),$18.29 ,5 out of 5 stars with 1 ratings
The Black Crowes , The Southern Harmony And Musical Companion (2 LP) (Vinyl),$23.49 ,5 out of 5 stars with 1 ratings
The Black Keys , Let's Rock (Vinyl),$19.99 ,5 out of 5 stars with 2 ratings
The Cars , Heartbeat City (Expanded Edition) (Vinyl),$42.99 ,$26.99 
The Chicks ," Gaslighter (Target Exclusive, Vinyl)",$34.99 ,Sony Music
The Civil Wars , The Civil Wars (2LP+CD) (Vinyl),$29.99 ,Sony Music
The Cleveland Orchestra/Pierre Boulez , Stravinsky: Petrouchka; Le Sacre du Printemps (2 LP) (Vinyl),$11.99 ,$28.49 
The Cold Stares , Heavy Shoes (Vinyl),$24.99 ,$23.99 
The Cure , Greatest Hits Acoustic (Vinyl),$30.49 ,5 out of 5 stars with 1 ratings
The Damned , The Rockfield Files ,$19.99 ,$14.99 
The Doors , Soft Parade (Vinyl),$18.89 ,$23.99 
The Front Bottoms , Tbd (EXPLICIT LYRICS) (Vinyl),$25.99 ,$18.29 
The Go! Team , Get Up Sequences Part One (Vinyl),$15.29 ,$13.99 
The Goo Goo Dolls , Miracle Pill (Vinyl),$14.99 ,$15.39 
The Greatest Showman , Greatest Showman: Reimagined (Vinyl),$17.19 ,5 out of 5 stars with 1 ratings
The Highwomen , The highwomen (2 lp's) lp (Vinyl),$22.49 ,$16.39 
The Jacksons , Live! (Vinyl),$23.99 ,5 out of 5 stars with 2 ratings
The Killers , Imploding The Mirage (LP) (Vinyl),$17.99 ,5 out of 5 stars with 2 ratings
The Kinks , Kink Kontroversy (Vinyl),$15.29 ,$23.99 
The Kooks , Inside In / Inside Out (15th Anniversary) (Deluxe 2 LP) (Vinyl),$23.49 ,$33.49 
The Lone Bellow , Half Moon Light (Vinyl),$24.99 ,$20.49 
The Lowest Pair , The Perfect Plan (Vinyl),$22.49 ,$18.99 
The Monkees , RSD,$21.49 ,$19.99 
The Monty Alexander Trio , The Monty Alexander Trio: Live! At The Montreux Festival (Vinyl),$21.99 ,5 out of 5 stars with 1 ratings
The Munsters , The Munsters (Limited Orange With Black (Vinyl),$19.59 ,$23.99 
The National , Cherry Tree (2021 Remaster) (Vinyl),$25.99 ,$16.99 
The National , The National (2021 Remaster) (Vinyl),$22.99 ,$19.89 
The Notorious B.I.G. ," Hypnotize (12"" Single) (Vinyl)",$24.99 ,$14.99 
The Notorious B.I.G. , Born Again (EXPLICIT LYRICS) (Vinyl),$19.99 ,$29.99 
The Offspring ," Let The Bad Times Roll (Target Exclusive, Vinyl)",$24.99 ,Universal Music Group
The Offspring , Conspiracy Of One (LP) (EXPLICIT LYRICS) (Vinyl),$19.59 ,$21.99 
The Offspring , Let The Bad Times Roll (LP) (EXPLICIT LYRICS) (Vinyl),$19.99 ,$17.59 
The Record Company , All Of This Life (LP) (Vinyl),$22.99 ,$17.79 
The Regrettes , Feel You r Feelings Fool! (EXPLICIT LYRICS) (Vinyl),$19.99 ,5 out of 5 stars with 1 ratings
The Replacements , Let It Be (Vinyl),$22.99 ,$21.99 
The Rolling Stones , Hot Rocks 1964,$24.99 ,5 out of 5 stars with 5 ratings
The Rolling Stones , Some Girls (LP) (Vinyl),$18.99 ,5 out of 5 stars with 1 ratings
The Roots , Do You Want More?!!!??! (Deluxe 3 LP) (EXPLICIT LYRICS) (Vinyl),$24.99 ,$64.99 
The Shires , Good Years (Vinyl),$22.99 ,$23.99 
The Smashing Pumpkins , Shiny and Oh So Bright Vol. 1/No Past; No Future. No Sun (Vinyl),$21.99 ,$20.99 
The Strokes , The New Abnormal (Vinyl),$20.49 ,5 out of 5 stars with 6 ratings
The Sweet , Still Got The Rock/Fox On The Run (2020) (Vinyl),$35.49 ,$12.99 
The Ugly Kings , Strange Strange Times (EXPLICIT LYRICS) (Vinyl),$25.99 ,$15.79 
The Wallflowers , Exit Wounds (Vinyl),$23.99 ,$22.99 
The Weeknd ," After Hours (Target Exclusive, Vinyl)",$39.99 ,Universal Music Group
The Weeknd ," The Highlights (Target Exclusive, Vinyl)",$59.99 ,Universal Music Group
The Who , Quadrophenia (2 LP) (Vinyl),$18.69 ,$29.99 
The Zombies , The Zombies (LP) (Vinyl),$19.99 ,5 out of 5 stars with 1 ratings
Thin Lizzy , Johnny The Fox (LP) (Vinyl),$14.99 ,$18.29 
Third Eye Blind , Our Bande Apart (Vinyl),$16.99 ,New at
THUNDERCAT , It Is What It Is Clear Vinyl,$28.99 ,5 out of 5 stars with 2 ratings
Thunderpussy , Thunderpussy (2 LP) (EXPLICIT LYRICS) (Vinyl),$25.99 ,$26.99 
Tilian , Factory Reset (Vinyl),$20.49 ,$16.79 
Tim Buckley , Album Collection 1966,$23.99 ,$109.99 
TIRZAH , Devotion (Vinyl),$14.99 ,$21.99 
Tkay Maidza , Last Year Was Weird Vol. 2 (Vinyl),$23.49 ,$19.99 
To The Grave , Epilogue (EXPLICIT LYRICS) (Vinyl),$42.99 ,$23.99 
Todd Rundgren , Complete U.S. Bearsville & Warner Bros. Singles (Vinyl),$24.99 ,$71.99 
Tom Petty & the Heartbreakers , Greatest Hits,$27.99 ,Universal Music Group
Tom Petty & The Heartbreakers ," Greatest Hits (Target Exclusive, Vinyl) (2 LP)",$34.99 ,Universal Music Group
Tom Petty And The Heartbreakers , The Best Of Everything: The Definitive Career Spanning Hits Collection (4 LP) (Vinyl),$35.49 ,$69.99 
Tom Tom Club , Tom Tom Club (Limited Tropical Yellow & (Vinyl),$24.99 ,5 out of 5 stars with 1 ratings
Tones On Tail , Pop (Vinyl),$149.99 ,$22.99 
Toni Braxton , Spell My Name (LP) (Vinyl),$20.49 ,$16.39 
Tony Bennett & Lady Gaga ," Love For Sale (Target Exclusive, Vinyl)",$24.99 ,Universal Music Group
Tony Bennett/Lady Gaga , Cheek To Cheek (LP) (Vinyl),$20.49 ,5 out of 5 stars with 6 ratings
Too $Hort , Life Is Too $Hort (Explicit) (EXPLICIT LYRICS) (Vinyl),$199.99 ,$20.99 
Toomorrow , From the Harry Saltzman,$22.99 ,$24.99 
Toots & The Maytalls , Pressure Drop Golden Tracks (Picture D (Vinyl),$25.99 ,$29.99 
Tori Amos , Under The Pink (Vinyl),$27.99 ,5 out of 5 stars with 1 ratings
Tori Kelly ," A Tori Kelly Christmas (Target Exclusive, Vinyl)",$17.99 ,Universal Music Group
Torture Killer , Swarm! (Vinyl),$19.99 ,$26.99 
Traffic , Traffic (LP) (Vinyl),$27.99 ,$16.99 
Traffic , John Barleycorn Must Die (LP) (Vinyl),$29.99 ,$22.49 
Train , Drops Of Jupiter (Bronze Vinyl),$22.49 ,$19.99 
Trapt , Headstrong Greatest Hits (Picture Disc (Vinyl),$19.29 ,$28.99 
Travis ," Live at Glastonbury, '99 (2 LP) (Vinyl)",$14.59 ,$25.49 
Travis , 12 Memories (LP) (Vinyl),$23.49 ,$16.99 
Travis Scott , Astroworld (Vinyl),$29.99 ,Sony Music
Travis Scott , Birds In The Trap Sing McKnight (EXPLICIT LYRICS) (Vinyl),$20.99 ,4 out of 5 stars with 4 ratings
TREES SPEAK , Ohms (Vinyl),$23.99 ,$30.99 
Trent Reznor & Atticus Ross , Soul (Original Motion Picture Score) (LP) (Vinyl),$33.49 ,$16.79 
Trent Reznor/Atticus Ross , Watchmen: Volume 1 (Music From The HBO Series) (LP) (Vinyl),$23.99 ,5 out of 5 stars with 1 ratings
Trippie Redd , A Love Letter To You 4 (2 LP)(Ultra Clear) (EXPLICIT LYRICS) (Vinyl),$24.99 ,5 out of 5 stars with 2 ratings
Trisha Yearwood , Let's Be Frank (Vinyl),$24.99 ,$17.99 
Tubes , Completion Backwards Principle (Vinyl),$24.99 ,$32.49 
Turner Tina , Foreign Affair (Vinyl),$22.49 ,$26.49 
twenty,one pilots ,$19.99 ,Warner Music Group
Twenty One Pilots , Scaled And Icy (Vinyl),$15.89 ,$19.99 
Twenty One Pilots , Trench (Vinyl),$29.99 ,Warner Music Group
Twin Peaks , LP4 (Vinyl),$24.99 ,$22.99 
Twisted Sister , Come Out And Play (180 Gram Purple Audio (Vinyl),$31.49 ,4 out of 5 stars with 1 ratings
Twiztid , A New Nightmare (LP) (EXPLICIT LYRICS) (Vinyl),$15.29 ,$21.99 
Twiztid & Jimmy Urine ," Hungry Like The Wolf (7"") (Vinyl)",$22.99 ,$12.99 
U.S. GIRLS , Heavy Light (Vinyl),$31.49 ,$22.99 
U2 , The Best Of 1990,$199.99 ,$24.49 
Underoath ," Voyeurist (Target Exclusive, Vinyl)",$22.99 ,Universal Music Group
Vagabon , Vagabon (Vinyl),$19.99 ,5 out of 5 stars with 1 ratings
Van Halen , Van Halen II (Vinyl),$22.49 ,2 out of 5 stars with 1 ratings
Van Morrison , His Band And The Street Choir Ie Syeor 2020 (Vinyl),$22.49 ,$21.99 
Various , Guardians Of The Galaxy V2 (Ost) (LP Vinyl),$29.99 ,Universal Music Group
Various , In The Heights Original Motion Picture Soundtrack (Vinyl),$30.99 ,5 out of 5 stars with 2 ratings
Various , Top Gun (OST) (Vinyl),$17.89 ,5 out of 5 stars with 1 ratings
Various , Velvet Goldmine (OST) (Vinyl),$46.49 ,$32.99 
Various , Johnny Cash: Forever Words (Vinyl),$24.99 ,$24.49 
Various , Stranger Things: Soundtrack From The Net (Vinyl),$22.99 ,3 out of 5 stars with 2 ratings
Various Artist ," Motown #1s ( Target Exclusive , 2 Vinyls )",$27.99 ,Universal Music Group
Various Artists ," Motown Christmas #1's (Target Exclusive, Vinyl)",$29.99 ,Universal Music Group
Various Artists , Frozen 2 (Original Motion Picture Soundtrack) (Vinyl),$17.99 ,Universal Music Group
Various Artists , Songs From Aladdin (LP Picture Disc) (Vinyl),$18.29 ,3 out of 5 stars with 1 ratings
Various Artists ," Almost Famous (Target Exclusive, Vinyl)",$34.99 ,Universal Music Group
Various Artists ," Tron 2010 (Target Exclusive, Vinyl)",$24.99 ,Universal Music Group
Various Artists ," Nightmare Before Christmas (Target Exclusive, Vinyl)",$24.99 ,Universal Music Group
Various Artists ," Pretty Woman (Target Exclusive, Vinyl)",$19.99 ,Universal Music Group
Various Artists , The Little Mermaid (Vinyl),$16.99 ,5 out of 5 stars with 1 ratings
Various Artists ," Stax Number Ones (Target Exclusive, Vinyl)",$21.99 ,Universal Music Group
Various Artists ," No Time To Die (Target Exclusive, Vinyl Picture Disk)",$37.99 ,Universal Music Group
Various Artists , Toy Story Favorites (LP) (Vinyl),$46.99 ,$18.59 
Various Artists , Soul Explosion (2 LP) (Vinyl),$19.99 ,$29.99 
Various Artists , The Lion King (LP)(Picture Disc) (Vinyl),$31.49 ,$17.99 
Various Artists , Songs From Mulan (LP)(Picture Disc) (Vinyl),$21.99 ,3 out of 5 stars with 1 ratings
Various Artists , Songs From Cars (Picture Disc LP) (Vinyl),$20.49 ,$19.29 
Various Artists ," Undefeated / Music For the Movement (Target Exclusive, Vinyl)",$22.99 ,Universal Music Group
Various Artists ," West Side Story (Original Motion Picture Soundtrack) (Target Exclusive, Vinyl)",$24.99 ,Universal Music Group
Various Artists ," NOW That’s What I Call 2000’s Hip Hop (Target Exclusive, Vinyl)",$25.99 ,Sony Music
Various Artists ," Pokémon 25: The Album (Target Exclusive, Vinyl)",$25.99 ,Universal Music Group
Various Artists ," Sing 2 (Original Motion Picture Soundtrack) (Target Exclusive, Vinyl)",$32.99 ,Universal Music Group
Various Artists , Black Snake Moan: Original Motion Pictur (Vinyl),$34.99 ,$18.39 
Various Artists , The Best Of Philadelphia International Records (Vinyl),$19.99 ,$17.99 
Various Artists , Space Jam (Music From And Insp (Vinyl),$26.49 ,5 out of 5 stars with 1 ratings
Various Artists , Jojo Rabbit (LP) (Vinyl),$15.39 ,5 out of 5 stars with 1 ratings
Various Artists , Aladdin: The Songs (LP) (Vinyl),$149.99 ,$15.29 
VARIOUS ARTISTS , World Spirituality Classics 2: The Time For Peace Is Now (Vinyl),$17.89 ,$19.99 
Various Artists , The Vinyl Series Volume Two (LP),$42.99 ,$18.49 
Various Artists , Tootsie (Original Broadway Cast Recording) (2 LP) (Vinyl),$24.99 ,$31.49 
Various Artists , Headin' For The Christmas Ball: 14 Swing And R&B Christmas Crooners (Vinyl),$20.49 ,3 out of 5 stars with 1 ratings
Various Artists , Woodstock Four (Vinyl),$15.29 ,$33.99 
Various Artists , Modern Love (Vinyl),$45.99 ,$39.49 
Venom , French assault (Vinyl),$20.99 ,$29.99 
Venom , Scandinavian assault (Vinyl),$25.99 ,$29.99 
Victrola Revolution GO Portable Rechargeable Bluetooth Record Player , VSC,$199.99 ,Victrola
Village People , The Best Of Village People (Vinyl),$199.99 ,$39.99 
Vince Guaraldi Trio ," A Charlie Brown Christmas (2021 Edition) (Target Exclusive, Vinyl)",$22.99 ,Universal Music Group
Vince Guaraldi Trio ," A Boy Named Charlie Brown (Target Exclusive, Vinyl)",$22.99 ,Universal Music Group
Vince Guaraldi Trio , A Charlie Brown Christmas (Green LP) (Vinyl),$18.99 ,4.4 out of 5 stars with 8 ratings
Violent Femmes , Hotel Last Resort (Vinyl),$18.79 ,$16.79 
Vladimir Horowitz , Horowitz The Poet (LP) (Vinyl),$18.69 ,$22.99 
Volbeat , Hokus Bonus (LP) (EXPLICIT LYRICS) (Vinyl),$21.49 ,5 out of 5 stars with 1 ratings
Volbeat , The Strength / The Sound / The (Vinyl),$17.19 ,5 out of 5 stars with 3 ratings
Vulcans , Star Trek (Vinyl),$67.99 ,$22.99 
Wallows , Remote Etched Pink (Vinyl),$14.59 ,5 out of 5 stars with 3 ratings
War , Greatest Hits 2.0 (Vinyl),$24.99 ,$37.49 
Watchhouse , Watchhouse (Vinyl),$29.99 ,$19.99 
Watson Aaron , American Soul (Vinyl),$13.69 ,5 out of 5 stars with 1 ratings
Wayne Shorter , The All Seeing Eye (Blue Note Tone Poet Series) (LP) (Vinyl),$46.99 ,$26.99 
We Will Rock You: In , Queen (Vinyl),$25.99 ,$20.49 
Weeknd , Beauty behind the madness [Explicit Lyrics] (Vinyl),$45.99 ,Ingram Entertainment
Weezer , Blue Album (Vinyl),$16.99 ,Universal Music Group
Weezer ," Weezer (Target Exclusive, Vinyl)",$19.99 ,Universal Music Group
Weezer , OK Human (Vinyl),$17.99 ,5 out of 5 stars with 1 ratings
Weezer , Weezer (Black) (EXPLICIT LYRICS) (Vinyl),$22.99 ,$17.79 
White Stripes ," The White Stripes Greatest Hits (Target Exclusive, Vinyl)",$29.99 ,Sony Music
Wilco , Being There (Vinyl),$24.99 ,$71.99 
Wilcovered , Wilcovered Lp (Vinyl),$22.99 ,$29.99 
Willie Nelson , That's Life (Vinyl),$15.29 ,5 out of 5 stars with 1 ratings
Willie Nile , New York At Night (Vinyl),$14.99 ,$19.99 
WILLOW , lately I feel EVERYTHING (Red LP) (EXPLICIT LYRICS) (Vinyl),$20.99 ,4.9 out of 5 stars with 7 ratings
Willy Mason , Already Dead (White Vinyl),$20.49 ,$23.99 
World Party , Private Revolution (LP) (Vinyl),$24.99 ,$22.99 
Wristmeetrazor , Replica Of A Strange Love (Vinyl),$18.99 ,$19.29 
Yes , Fly From Here Return Trip: 180 Gm Picture Disc Lp (Vinyl),$34.99 ,$27.99 
Yes , Symphonic Live (2 Lp) (Vinyl),$46.49 ,$19.99 
"Yo Yo Ma, Stuart Duncan, Edgar Meyer & Chris Thile ", Not Our First Goat Rodeo (Vinyl),$16.89 ,4 out of 5 stars with 1 ratings
Yola , Stand For Myself (LP) (Vinyl),$22.99 ,5 out of 5 stars with 1 ratings
Young Chris , Famous Friends (Vinyl),$21.49 ,$23.99 
YUNGBLUD , weird! (White LP) (EXPLICIT LYRICS) (Vinyl),$18.79 ,5 out of 5 stars with 1 ratings
Yuno , Moodie (Vinyl),$15.89 ,$16.99 
Yusuf / Cat Stevens , Tea For The Tillerman 2 (LP) (Vinyl),$21.49 ,5 out of 5 stars with 1 ratings
Zapp & Roger , All The Greatest Hits (Vinyl),$29.49 ,$28.99 
Zara Larsson , Poster Girl (White Vinyl/16 X24 Poster),$18.29 ,5 out of 5 stars with 1 ratings
