Olivia Rodrigo , SOUR (Target Exclusive),0,Universal Music Group
Billie Eilish , Happier Than Ever (Target Exclusive),0,Universal Music Group
Carrie Underwood , Denim & Rhinestones (Target Exclusive),0,Universal Music Group
"Andrea Bocelli, Matteo Bocelli, Virginia Bocelli ", A Family Christmas (Target Exclusive),0,Universal Music Group
Ariana Grande ," Positions (Target Exclusive, Vinyl)",$26.99,Universal Music Group
Taylor Swift ," Lover (Target Exclusive, Vinyl ",$24.99,Universal Music Group
Taylor Swift ," Lover (Target Exclusive, Vinyl ",$24.99,Universal Music Group
Beatles , Abbey Road Anniversary (Vinyl),$19.97,Universal Music Group
Taylor Swift , Midnights: Blood Moon Edition (Vinyl),$29.99,Universal Music Group
Neil Diamond ," A Neil Diamond Christmas (2LP) (Target Exclusive, Vinyl)",$39.99,Universal Music Group
Harry Styles ," Fine Line (Target Exclusive, Vinyl)",$34.99,Sony Music
1000 Homo Djs / Ministry , Supernaut Purple Vinyl (LP),$24.98,Cleopatra
Fleetwood Mac ," Rumours (Target Exclusive, Vinyl) (Gold Colored)",$22.99,Warner Music Group
Queen ," Greatest Hits (Target Exclusive, Vinyl)",$34.99,Universal Music Group
KIDS SEE GHOSTS ," KIDS SEE GHOSTS (Target Exclusive, Vinyl)",$16.99,Universal Music Group
KIDS SEE GHOSTS ," KIDS SEE GHOSTS (Target Exclusive, Vinyl)",$16.99,Universal Music Group
Taylor Swift ," Fearless (Taylor's Version) (Target Exclusive, Vinyl) (3LP)",$39.99,Universal Music Group
Selena ," Ones (Target Exclusive, Vinyl)",$26.99,Universal Music Group
Billie Eilish ," don't smile at me (Target Exclusive, Vinyl)",$21.99,Universal Music Group
ARCTIC MONKEYS , AM (Vinyl),$21.99,4.1 out of 5 stars with 67 ratings
Tame Impala , Currents (2 LP) (Vinyl),$22.99,Universal Music Group
Kendrick Lamar ," Damn (Target Exclusive, Vinyl)",$32.99,Universal Music Group
Harry Styles , Harry Styles [180 Gram (Vinyl)],$29.99,Sony Music
Kacey Musgraves , Golden Hour,$29.99,Universal Music Group
ABBA , Gold ,$32.19,Universal Music Group
Kanye West , The College Dropout [Explicit Lyrics],$32.19,Universal Music Group
Various Artists , Disney Ultimate Hits 1,$24.99,Universal Music Group
Various Artists , Disney Ultimate Hits 1,$19.99,Universal Music Group
Kendrick Lamar ," Good Kid, M.A.A.D. City [Bonus Tracks] [Explicit Lyrics] (Vinyl)",$20.97,Universal Music Group
Lana Del Rey , Chemtrails Over the Country Club (Target Exclusive),$20.97,Universal Music Group
Lana Del Rey , Chemtrails Over the Country Club (Target Exclusive),$20.97,Universal Music Group
Taylor Swift , folklore (Target Exclusive),$20.97,Universal Music Group
Weezer , Blue Album (Vinyl),$16.99,Universal Music Group
The Weeknd ," Starboy (Target Exclusive, Vinyl)",$32.99,Universal Music Group
Halsey ," If I Can't Have Love, I Want Power (Target Exclusive)",$32.99,Universal Music Group
Nirvana , Nevermind (Vinyl),$20.78,Universal Music Group
Mac Miller , Circles 2 Lp Clear With Poster (Vinyl),$34.99,4.7 out of 5 stars with 30 ratings
Kacey Musgraves: star,crossed (Target Exclusive),$34.99,Universal Music Group
Tony Bennett & Lady Gaga , Love For Sale (Target Exclusive),$34.99,Universal Music Group
Tony Bennett & Lady Gaga , Love For Sale (Target Exclusive),$34.99,Universal Music Group
Various , Dirty Dancing (OST) (Vinyl),$34.99,4.3 out of 5 stars with 6 ratings
Drake , Views (2 LP) (EXPLICIT LYRICS) (Vinyl),$34.99,3.7 out of 5 stars with 24 ratings
Ariana Grande ," thank u, next (Clear Vinyl)",$39.85,Universal Music Group
Taylor Swift , folklore (Beige 2 LP) (Vinyl),$23.97,Universal Music Group
Billie Eilish ," WHEN WE ALL FALL ASLEEP, WHERE DO WE GO?",$23.97,Universal Music Group
Adele , 30,$23.97,Sony Music
2Pac , LIFE ,$27.99,Universal Music Group
Queen ," Greatest Hits 2 (Target Exclusive, Vinyl)",$34.99,Universal Music Group
Tom Petty & the Heartbreakers , Greatest Hits,$34.99,Universal Music Group
Lizzo , Cuz I Love You (Deluxe LP) (EXPLICIT LYRICS) (Vinyl),$15.89,4.4 out of 5 stars with 17 ratings
Childish Gambino ," Awaken, My Love! (Vinyl)",$19.13,Alliance Entertainment
Kehlani , It Was Good Until It Wasn't (EXPLICIT LYRICS) (Vinyl),$18.99,5 out of 5 stars with 14 ratings
Travis Scott , Birds In The Trap Sing McKnight (EXPLICIT LYRICS) (Vinyl),$18.99,4.4 out of 5 stars with 8 ratings
J. Cole , The Off,$18.99,Universal Music Group
J. Cole , The Off,$18.99,Universal Music Group
Olivia Rodrigo , SOUR (Vinyl),$23.99,Universal Music Group
Bee Gees , Timeless ,$27.99,Universal Music Group
Lady Gaga , Chromatica (Milky Clear) (Vinyl),$21.99,Universal Music Group
"Tyler, the Creator ", IGOR (EXPLICIT LYRICS),$21.99,3.8 out of 5 stars with 24 ratings
"Tyler, the Creator ", IGOR (EXPLICIT LYRICS),$29.99,Universal Music Group
twenty,one pilots ,$19.99,Warner Music Group
Post Malone ," Hollywood's Bleeding (LP) (Target Exclusive, Vinyl)",$37.99,Universal Music Group
Drake , Take Care [Explicit Lyrics],$37.99,Universal Music Group
Drake , Take Care [Explicit Lyrics],$37.99,Universal Music Group
Marvin Gaye," Number 1's (Target Exclusive, Vinyl)",$21.99,Universal Music Group
Cage The Elephant , Melophobia (Vinyl),$14.99,5 out of 5 stars with 20 ratings
Clairo , Immunity (LP) (EXPLICIT LYRICS) (Vinyl),$21.99,5 out of 5 stars with 11 ratings
Beach Boys ," Sounds Of Summer (Target Exclusive, Vinyl)",$24.99,Universal Music Group
Kendrick Lamar , To Pimp a Butterfly [Explicit Lyrics] (Vinyl),$26.99,Universal Music Group
Lady Gaga , Joanne,$26.99,Universal Music Group
Ed Sheeran ," = (Target Exclusive, Vinyl)",$22.99,Warner Music Group
Billie Eilish , dont smile at me,$22.99,Universal Music Group
Amy Winehouse , Back to Black [Explicit Lyrics] (Black),$22.99,Universal Music Group
Marvin Gaye ," What's Going On (Target Exclusive, Vinyl)",$24.99,Universal Music Group
MGMT , Oracular Spectacular (Vinyl),$24.99,4.3 out of 5 stars with 6 ratings
Adele , 21,$24.99,4.3 out of 5 stars with 6 ratings
Travis Scott , Astroworld (Vinyl),$29.99,Sony Music
Harry Styles , Fine Line,$29.99,Sony Music
Harry Styles , Fine Line,$29.99,Sony Music
Janet Jackson ," Number Ones ""LP edition , 12 tracks” (Target Exclusive, Vinyl)",$24.99,Universal Music Group
Britney Spears , Baby One More Time,$24.99,Sony Music
Taylor Swift ," Red (Taylor's Version) (Target Exclusive, Vinyl) (4 LP)",$49.99,Universal Music Group
Queen , Greatest Hits Vol.1 (Vinyl),$30.43,Universal Music Group
Vance Joy , Dream Your Life Away,$30.43,5 out of 5 stars with 1 ratings
Nat King Cole ," The Christmas Song (Target Exclusive, Vinyl)",$24.99,Universal Music Group
The Best of Bob Marley and the Wailers , Legend (Vinyl),$22.23,Universal Music Group
Kanye West , Late Registration [Explicit Lyrics],$22.23,UMVD
Kanye West , Late Registration [Explicit Lyrics],$22.23,UMVD
Halsey , BADLANDS (LP) (Vinyl),$22.23,4.7 out of 5 stars with 30 ratings
Lin,Manuel Miranda ,$17.99,Universal Music Group
Bryson Tiller , A N N I V E R S A R Y Deluxe Vin (EXPLICIT LYRICS) (Vinyl),$27.49,4 out of 5 stars with 3 ratings
Beyonce , Homecoming: The Live Album (EXPLICIT LYRICS) (Vinyl),$38.99,4.3 out of 5 stars with 12 ratings
Kacey Musgraves ," Golden Hour (Target Exclusive, LP Picture Disc) (Vinyl)",$21.99,Universal Music Group
Jimi Hendrix Experience , Are You Experienced (Vinyl),$21.99,4.3 out of 5 stars with 14 ratings
Imagine Dragons , Mercury – Act 1 (Target Exclusive),$21.99,Universal Music Group
Various Artists , Frozen 2 (Original Motion Picture Soundtrack) (Vinyl),$17.99,Universal Music Group
H.E.R. , H.E.R.,$17.99,3.7 out of 5 stars with 13 ratings
BLACKPINK , THE ALBUM (Pink LP) (Vinyl),$22.99,Universal Music Group
Michael Jackson , Thriller (Vinyl),$16.16,Sony Music
Dr. Dre ," The Chronic (Target Exclusive, Vinyl) (2LP)",$27.99,Alliance Entertainment
David Bowie , Rise and Fall of Ziggy Stardust (Vinyl),$22.99,Ingram Entertainment
Beatles , Rubber Soul (Vinyl),$22.99,Universal Music Group
Beatles , Rubber Soul (Vinyl),$22.99,Universal Music Group
Jonas Brothers , Happiness Begins (2 LP) (Vinyl),$22.99,4.7 out of 5 stars with 10 ratings
J. Cole , The Off,$37.99,Universal Music Group
Kids See Ghosts , Kids See Ghosts (EXPLICIT LYRICS) (Vinyl),$13.75,Universal Music Group
Foo Fighters ," Greatest Hits (Target Exclusive, Vinyl)",$22.99,Sony Music
Sza , Good Days 10 Inch Opaque Yellow Vinyl (Explicit/Edited Both) (EXPLICIT LYRICS),$15.99,4.5 out of 5 stars with 11 ratings
White Stripes ," The White Stripes Greatest Hits (Target Exclusive, Vinyl)",$29.99,Sony Music
Neutral Milk Hotel , In The Aeroplane Over The Sea (Vinyl),$29.99,5 out of 5 stars with 4 ratings
John Mayer , Room For Squares (Vinyl),$29.99,5 out of 5 stars with 4 ratings
John Mayer , Room For Squares (Vinyl),$29.99,5 out of 5 stars with 4 ratings
Juice WRLD , Goodbye & Good Riddance (LP) (EXPLICIT LYRICS) (Vinyl),$29.99,4.3 out of 5 stars with 20 ratings
Lana Del Rey , Paradise (LP)(Explicit) (EXPLICIT LYRICS) (Vinyl),$12.89,4.8 out of 5 stars with 45 ratings
Prince & The Revolution ," Purple Rain (Target Exclusive, Vinyl)",$22.99,Warner Music Group
Declan Mckenna , What Do You Think About The Car? (Vinyl),$22.99,4.5 out of 5 stars with 2 ratings
Adele , 25,$22.99,4.3 out of 5 stars with 8 ratings
P!Nk , All I Know So Far: Setlist (EXPLICIT LYRICS) (Vinyl),$22.49,5 out of 5 stars with 2 ratings
Various Artists ," Tron 2010 (Target Exclusive, Vinyl)",$24.99,Universal Music Group
Omar Apollo , Apolonio (EXPLICIT LYRICS) (Vinyl),$20.49,5 out of 5 stars with 4 ratings
Demi Lovato ," Dancing With The Devil… The Art Of Starting Over (2LP) (Target Exclusive, Vinyl)",$39.99,Universal Music Group
Dreamville , Revenge Of The Dreamers III: Director's Cut (3 LP) (EXPLICIT LYRICS) (Vinyl),$32.49,5 out of 5 stars with 2 ratings
Kid Cudi , Man On The Moon III: The Chosen (2LP) (Vinyl),$25.99,Universal Music Group
Cat Stevens ," Greatest Hits (Target Exclusive, Vinyl)",$22.99,Universal Music Group
The Strokes , The New Abnormal,$22.99,5 out of 5 stars with 5 ratings
Mariah Carey ," Merry Christmas (Target Exclusive, Vinyl)",$22.99,Sony Music
Mariah Carey ," Merry Christmas (Target Exclusive, Vinyl)",$22.99,Sony Music
Nirvana ," Unplugged (Target Exclusive, Vinyl)",$24.99,Universal Music Group
Stevie Wonder ," Number 1's (Target Exclusive, 2LP) (Vinyl)",$27.99,Universal Music Group
Diana Ross & The Supremes ," Number 1's (Target Exclusive, Vinyl)",$21.99,Universal Music Group
Black Pumas , Black Pumas (Deluxe Gold & Red/Black Marble 2 LP) (Vinyl),$27.89,Universal Music Group
Summer Walker , Over It (Vinyl),$18.99,4.8 out of 5 stars with 9 ratings
Pink Floyd, The Dark Side of the Moon (Vinyl),$49.95,Sony Music
Juice WRLD ," Fighting Demons (Target Exclusive, Vinyl)",$39.99,Universal Music Group
Eagles , Hotel California,$39.99,Warner Music Group
Eagles , Hotel California,$39.99,Warner Music Group
The Weeknd , Starboy [Explicit Lyrics] (Vinyl),$39.99,Universal Music Group
Elton John , Diamonds (2 LP) (Vinyl),$34.99,Universal Music Group
Khalid , American Teen [Explicit Lyrics],$34.99,Sony Music
Led Zeppelin , Houses of The Holy (Vinyl),$34.99,4.2 out of 5 stars with 10 ratings
Steve Miller Band , Greatest Hits 1974,$34.99,Universal Music Group
The Beatles , 1 (2LP) (Vinyl),$35.88,Universal Music Group
Queen , Bohemian Rhapsody (Ost) (Vinyl),$27.33,Universal Music Group
WILLOW , lately I feel EVERYTHING (Red LP) (EXPLICIT LYRICS) (Vinyl),$20.99,4.9 out of 5 stars with 9 ratings
Lana Del Rey, Born to Die (Vinyl),$16.62,Alliance Entertainment
Taylor Swift , evermore (Transparent Green 2 LP) (EXPLICIT LYRICS) (Vinyl),$22.99,4.6 out of 5 stars with 75 ratings
XXXTENTACION , ? (LP) (EXPLICIT LYRICS) (Vinyl),$22.99,4.5 out of 5 stars with 4 ratings
Sam Cooke , Best Of (Vinyl),$22.99,5 out of 5 stars with 4 ratings
Harry Styles ," Harry's House (Target Exclusive, Vinyl)",$37.99,Sony Music
Zapp & Roger , All The Greatest Hits (Vinyl),$37.99,$28.49
Zapp & Roger , All The Greatest Hits (Vinyl),$37.99,$28.49
Chris Cornell , No One Sings Like You Anymore (LP) (Vinyl),$22.49,4.8 out of 5 stars with 6 ratings
Various Artists ," Guardians of the Galaxy Vol. 2 (Target Exclusive, Vinyl) (2 LP)",$24.99,Universal Music Group
Coldplay , Music Of The Spheres,$24.99,Warner Music Group
Various Artists , Stranger Things Music From The Netflix Original Series (Vinyl),$17.76,Sony Music
Snoop Dogg , R&G (Rhythm & Gangsta): The Masterpiece (Vinyl) (2 LP) (EXPLICIT LYRICS),$24.00,Universal Music Group
Fugees ," The Score (Target Exclusive, Vinyl)",$24.99,Sony Music
Pop Smoke , Shoot For The Stars Aim For The Moon (2 LP) (EXPLICIT LYRICS) (Vinyl),$19.99,4 out of 5 stars with 6 ratings
Beyonce , B'Day (Vinyl),$19.99,Sony Music
Beyonce , B'Day (Vinyl),$19.99,Sony Music
Fleetwood Mac , Rumours (LP Vinyl),$23.99,Warner Music Group
Paul McCartney , III Imagined (Target Exclusive),$23.99,Universal Music Group
Fleetwood Mac , Greatest Hits (Vinyl),$19.98,Warner Music Group
Xxxtentacion , 17,$19.98,4.3 out of 5 stars with 3 ratings
The Weeknd , Dawn FM (Target Exclusive),$19.98,Universal Music Group
Jennifer Hudson , RESPECT (Original Motion Picture Soundtrack) (Target Exclusive),$19.98,Sony Music
System Of A Down , Toxicity (Vinyl),$19.98,5 out of 5 stars with 4 ratings
ACDC , Back in Black (Vinyl),$22.99,Sony Music
Various Artists , Guardians Of The Galaxy: Awesome Mix Vol. 1 (Picture Disc LP) (Vinyl),$22.99,4.8 out of 5 stars with 19 ratings
Partynextdoor , Colours (EXPLICIT LYRICS) (Vinyl),$19.59,5 out of 5 stars with 1 ratings
Imagine Dragons ," Evolve (Target Exclusive, Vinyl)",$22.99,Universal Music Group
Finneas , What They'll Say About Us (Vinyl),$10.69,5 out of 5 stars with 3 ratings
J Balvin ," JOSE (Target Exclusive, Vinyl)",$24.99,Universal Music Group
Daft Punk, Random Access Memories (Vinyl),$34.99,Alliance Entertainment
Daft Punk, Random Access Memories (Vinyl),$34.99,Alliance Entertainment
The Beatles , Let It Be + T,$37.99,Universal Music Group
Solange , When I Get Home (EXPLICIT LYRICS) (Vinyl),$37.99,4.6 out of 5 stars with 5 ratings
Weezer , OK Human,$37.99,$11.19 - $19.59
Various Artists ," Pretty Woman (Target Exclusive, Vinyl)",$19.99,Universal Music Group
Bob Marley ," Exodus (Target Exclusive, Vinyl)",$39.99,Universal Music Group
John Coltrane ," Love Supreme (Target Exclusive, Vinyl)",$28.49,Universal Music Group
U2 , All That You Can't Leave Behind ,$28.49,$259.99
Led Zeppelin , Physical Graffitti (Vinyl),$39.99,Ingram Entertainment
Led Zeppelin , Physical Graffitti (Vinyl),$39.99,Ingram Entertainment
Sam Smith , Love Goes (Target Exclusive),$39.99,Universal Music Group
Foo Fighters , Saint Cecilia (Vinyl),$9.99,Sony Music
Al Green , Greatest Hits (Vinyl),$17.99,The Orchard
The Go,Go's ,$21.99,Universal Music Group
Various Artists ," Sing 2 (Original Motion Picture Soundtrack) (Target Exclusive, Vinyl)",$32.99,Universal Music Group
Keith Urban ," THE SPEED OF NOW Part 1 (Target Exclusive, Vinyl)",$21.99,Universal Music Group
Jimi Hendrix , Best Of Jimi Hendrix (Vinyl),$21.25,Sony Music
Tony Bennett/Lady Gaga , Cheek To Cheek (LP) (Vinyl),$21.25,5 out of 5 stars with 6 ratings
Various , Lady Bird (OST),$21.25,5 out of 5 stars with 1 ratings
Travis Scott , Rodeo (EXPLICIT LYRICS) (Vinyl),$27.49,4.1 out of 5 stars with 8 ratings
Beatles , Beatles (The White Album) (Vinyl),$39.98,Universal Music Group
Tame Impala , InnerSpeaker (2 LP) (Vinyl),$39.98,4.3 out of 5 stars with 11 ratings
Metallica , Ride The Lightning,$39.98,WEA
Meghan Trainor , Title (Vinyl),$39.98,5 out of 5 stars with 3 ratings
Meghan Trainor , Title (Vinyl),$39.98,5 out of 5 stars with 3 ratings
Queen , Greatest Hits Vol. 2 (Vinyl),$35.99,Universal Music Group
Barry Gibb , Greenfields: The Gibb Brothers SongBook Vol. 1 (Target Exclusive),$35.99,Universal Music Group
George Harrison , All Things Must Pass (3 LP) (Vinyl),$69.99,Universal Music Group
PVRIS , Use Me (EXPLICIT LYRICS),$69.99,$10.99 - $19.39
Guns N' Roses , Greatest Hits (2 LP) (Vinyl),$31.49,5 out of 5 stars with 5 ratings
Sheryl Crow , Live From The Ryman And More,$31.49,Universal Music Group
Various Artists ," Trolls: World Tour (Target Exclusive, Vinyl)",$26.99,Sony Music
John Mayer , Heavier Things,$26.99,5 out of 5 stars with 2 ratings
John Mayer , Heavier Things,$26.99,5 out of 5 stars with 2 ratings
Chris Stapleton, Traveller (LP) (Vinyl),$18.99,Universal Music Group
Batman Forever Soundtrack , Batman Forever: Music From The Motion Picture (OST) (EXPLICIT LYRICS) (Vinyl),$18.99,$27.99 MSRP $29.98
My Chemical Romance , Black Parade Is Dead! (EXPLICIT LYRICS) (Vinyl),$24.99,4 out of 5 stars with 2 ratings
Beach Bunny , Blame Game Ep (Hot Pink Vinyl),$14.99,5 out of 5 stars with 7 ratings
Birds of Prey: The Album , Birds Of Prey: The Album (EXPLICIT LYRICS) (Vinyl),$21.99,5 out of 5 stars with 1 ratings
Marvin Gaye , What's Going On (Vinyl),$24.99,Universal Music Group
Kacey Musgraves ," A Very Kacey Christmas (Target Exclusive, Vinyl)",$22.99,Universal Music Group
Bruce Springsteen ," Album Collection Vol. 2, 1987",$22.99,$284.99
The 1975 , Notes On A Conditional Form (2 LP) (Clear) (EXPLICIT LYRICS) (Vinyl),$24.99,4.8 out of 5 stars with 4 ratings
Shawn Mendes , Wonder (Target Exclusive),$24.99,Universal Music Group
CCR (Creedence Clearwater Revival) ," Chronicle, Vol. 1 (Vinyl)",$24.97,Universal Music Group
Beach Boys , Pet Sounds (Vinyl),$24.99,Universal Music Group
The Offspring , Let The Bad Times Roll (Target Exclusive),$24.99,Universal Music Group
Guns N Roses , Appetite for Destruction [Explicit Lyrics] (Vinyl),$24.98,Universal Music Group
Guns N Roses , Appetite for Destruction [Explicit Lyrics] (Vinyl),$24.98,Universal Music Group
Michael Buble , Christmas (Red Vinyl),$22.99,Warner Music Group
Beatles , Sgt. Pepper's Lonely Hearts Club Band (Vinyl) [2017 New Stereo Remix],$35.99,Universal Music Group
Carrie Underwood , My Gift (Target Exclusive),$35.99,Universal Music Group
Boyz II Men ," Legacy: The Greatest Hits Collection (Target Exclusive, Vinyl)",$27.99,Universal Music Group
Big Sean , Detroit 2 (2 LP) (EXPLICIT LYRICS) (Vinyl),$18.49,5 out of 5 stars with 2 ratings
Nine Inch Nails , Pretty Hate Machine (Vinyl),$18.97,Universal Music Group
The Rolling Stones ," HONK (Target Exclusive, 2LP) (Vinyl)",$32.99,Universal Music Group
Chris Stapleton , From A Room:Volume 2 (Vinyl),$16.29,Universal Music Group
Chris Stapleton , From A Room:Volume 2 (Vinyl),$16.29,Universal Music Group
Partynextdoor , Partymobile (EXPLICIT LYRICS) (Vinyl),$16.29,$28.49
Gwen Stefani ," You Make It Feel Like Christmas (Target Exclusive, Vinyl)",$24.99,Universal Music Group
Nirvana , Nirvana,$24.99,Universal
Jorja Smith , Be Right Back (EXPLICIT LYRICS),$24.99,$11.39 - $27.99
The Who ," Greatest Hits (Target Exclusive, Vinyl)",$22.99,Universal Music Group
Black Sabbath , Technical Ecstasy Sde (Vinyl),$77.99,5 out of 5 stars with 1 ratings
Lady Gaga , Star Is Born (Ost) [Explicit Lyrics] (Vinyl),$29.68,Universal Music Group
Steely Dan , NORTHEAST CORRIDOR: STEELY DAN LIVE! (2 LP) (Vinyl),$26.61,Universal Music Group
The Allman Brothers Band , Trouble No More: 50th Anniversary Collection (10,$26.61,$378.99
Ihsahn , The Hyperborean Collection (MMVI) ,$26.61,$268.99
The Beatles , Abbey Road Anniversary (3 LP Deluxe) (Vinyl),$68.08,Universal Music Group
Lauryn Hill , The Miseducation of Lauryn Hill,$68.08,Sony Music
Nathaniel Rateliff & The Night Sweats , Tearing At The Seams (2 LP) (Vinyl),$68.08,5 out of 5 stars with 2 ratings
Nicki Minaj , Pink Friday (10th Anniversary) (Deluxe Pink/White Swirl 3 LP) (EXPLICIT LYRICS) (Vinyl),$59.99,Universal Music Group
Nicki Minaj , Pink Friday (10th Anniversary) (Deluxe Pink/White Swirl 3 LP) (EXPLICIT LYRICS) (Vinyl),$59.99,Universal Music Group
Machine Gun Kelly , Tickets To My Downfall (Explicit Lyrics) (Vinyl),$21.68,Universal Music Group
Summer Walker , Still Over It (Target Exclusive),$21.68,Universal Music Group
Morgan Wallen , Dangerous: The Double Album (Target Exclusive),$21.68,Universal Music Group
Led Zeppelin , Led Zeppelin IV (Vinyl),$24.99,Warner Music Group
Led Zeppelin , Song Remains The Same (Vinyl),$24.99,$179.99 MSRP $259.98
Keith Richards & The , Live At The Hollywood Palladiu (Vinyl),$24.99,$174.99
The Doors , L.A. Woman,$24.99,$23.99 - $61.99
Wu,Tang Clan ,$20.99,Ingram Entertainment
Wu,Tang Clan ,$20.99,Ingram Entertainment
Mumford & Sons , Babel (Vinyl),$23.99,Red Music
Pink Floyd , The Wall,$23.99,Sony Music
Michael Jackson , Thriller (Vinyl),$23.99,$28.49 MSRP $35.98
Overkill , The Atlantic Years 1986 1996,$23.99,5 out of 5 stars with 1 ratings
Dmx , Greatest (Vinyl),$23.99,$23.99
Sam Cooke , Portrait Of A Legend 1951,$23.99,4 out of 5 stars with 4 ratings
Slipknot , We Are Not Your Kind (EXPLICIT LYRICS) (Vinyl),$23.99,5 out of 5 stars with 2 ratings
The National , Trouble Will Find Me (Vinyl),$23.99,$26.99 MSRP $29.99
Hozier , Hozier (Vinyl),$23.99,4.5 out of 5 stars with 10 ratings
Tyler The Creator , Call Me If You Get Lost (Vinyl),$27.99,Sony Music
Barbra Streisand , Release Me 2 (Target Exclusive),$27.99,Sony Music
Fleetwood Mac , Dance,$27.99,5 out of 5 stars with 1 ratings
Lumineers , The Lumineers (Vinyl),$18.99,Ingram Entertainment
Miranda Lambert , Wildcard,$18.99,Sony Music
Miranda Lambert , Wildcard,$18.99,Sony Music
Journey , Journey's Greatest Hits Vol. 2 (Vinyl),$18.99,3 out of 5 stars with 2 ratings
Various Artists , Wicked Original Cast Recording (2 LP) (Vinyl),$18.99,5 out of 5 stars with 2 ratings
Prince , Purple Rain (Vinyl),$24.99,Ingram Entertainment
Led Zeppelin , Led Zeppelin III (Vinyl),$24.99,$39.99
Can , Live In Stuttgare 1975 Ltd Ed Orange Vinyl,$24.99,$47.99
Panic! At The Disco , Fever You Can't Sweat Out (EXPLICIT LYRICS) (Vinyl),$24.99,4.8 out of 5 stars with 8 ratings
Metallica , And Justice for All (EXPLICIT LYRICS),$24.99,4.7 out of 5 stars with 3 ratings
Niall Horan , Heartbreak Weather (LP) (Vinyl),$23.99,4.8 out of 5 stars with 18 ratings
Niall Horan , Heartbreak Weather (LP) (Vinyl),$23.99,4.8 out of 5 stars with 18 ratings
Brittany Howard , Jaime (LP)(Sandstone) (EXPLICIT LYRICS) (Vinyl),$23.99,$22.99 MSRP $23.98
Black Sabbath , Paranoid (Deluxe Edition) (Vinyl),$23.99,$109.99
Rory Gallagher , Rory Gallagher (3 LP) (Vinyl),$23.99,$43.99
Slash , 4 (Featuring Myles Kennedy and The Conspirators) ( Box Set),$23.99,$29.99 - $156.99
Kanye West , Donda (Vinyl),$59.99,Universal Music Group
The Notorious B.I.G. , Greatest Hits (EXPLICIT LYRICS) (Vinyl),$59.99,4.8 out of 5 stars with 6 ratings
New Kids On The Block , Hangin' Tough (Vinyl),$59.99,5 out of 5 stars with 1 ratings
The Black Keys , El Camino (10th Anniversary Super Deluxe Edition) (Vinyl),$59.99,$149.99
Sting , The Studio Collection: Volume II (5 LP Box) (Vinyl),$59.99,$119.99
Bush Tetras , Rhythm & Paranoia: The Best Of Bush Tetr,$59.99,$27.99 - $64.99
The Rolling Stones , A Bigger Bang Live On Copacabana Beach (Multi Color 3 LP) (Vinyl),$59.99,$64.99
TLC , Crazysexycool (Vinyl),$28.99,2.6 out of 5 stars with 5 ratings
New Order / Joy Division , Total (Vinyl),$28.99,5 out of 5 stars with 1 ratings
Paul Weller , True Meanings (Vinyl),$28.99,$33.49
Paul Weller , True Meanings (Vinyl),$28.99,$33.49
Luke Combs , What You See Ain't Always What You Get ( (Vinyl),$34.49,3.7 out of 5 stars with 3 ratings
Tool , Opiate (EXPLICIT LYRICS) (Vinyl),$6.99,5 out of 5 stars with 3 ratings
Alabama Shakes , Sound & Color (2 LP) (Vinyl),$6.99,5 out of 5 stars with 1 ratings
Amy Grant , Heart In Motion (LP) (Vinyl),$24.49,5 out of 5 stars with 1 ratings
Jimi Hendrix Experience , Axis: Bold As Love (Mono) (Vinyl),$24.49,4 out of 5 stars with 1 ratings
Grand Funk Railroad , Live Album (180 Gram Translucent Red Aud (Vinyl),$24.49,$47.99
Aerosmith , Aerosmith's Greatest Hits (Vinyl),$24.49,4.8 out of 5 stars with 6 ratings
Alicia Keys , Element Of Freedom (Vinyl),$24.49,5 out of 5 stars with 1 ratings
Alicia Keys , Element Of Freedom (Vinyl),$24.49,5 out of 5 stars with 1 ratings
Modest Mouse , The Golden Casket,$24.49,Sony Music
Maggie Rogers , Surrender (Target Exclusive),$24.49,Universal Music Group
Matchbox Twenty , Yourself Or Someone Like You (Transparent Red) (Vinyl),$24.49,5 out of 5 stars with 4 ratings
Various Artists , Even More Dazed and Confused ,$31.99,5 out of 5 stars with 2 ratings
The Chicks ," Gaslighter (Target Exclusive, Vinyl)",$34.99,Sony Music
Trippie Redd , A Love Letter To You 4 (Ultra Clear 2 LP) (EXPLICIT LYRICS) (Vinyl),$29.99,5 out of 5 stars with 2 ratings
2Pac , Until The End Of Time (4 LP) (EXPLICIT LYRICS) (Vinyl),$29.99,$80.99
Various Artists ," Impulse Records: Music, Message And The Moment (4 LP Box Set) (Vinyl)",$29.99,$139.99
Madonna , True Blue (Vinyl),$29.99,5 out of 5 stars with 1 ratings
NF , CLOUDS (THE MIXTAPE) (LP) (Vinyl),$24.99,5 out of 5 stars with 4 ratings
Bob Dylan , Greatest Hits (Vinyl),$20.99,Ingram Entertainment
Stars , LaGuardia (The Best Of Stars) (2 LP) (Vinyl),$20.99,$29.99
Mr. Big , Lean Into It The Singles (Vinyl),$71.99,5 out of 5 stars with 1 ratings
Blink,182 ,$22.99,Universal Music Group
Blink,182 ,$22.99,Universal Music Group
The Beach Boys ," Sounds Of Summer (Remastered) (Target Exclusive, Vinyl)",$49.99,Universal Music Group
Dwight Yoakam ," Live From Austin, TX (Vinyl)",$28.99,5 out of 5 stars with 2 ratings
Michael Jackson , Thriller (Vinyl),$20.99,4.6 out of 5 stars with 16 ratings
Foo Fighters , Foo Fighters,$20.99,4 out of 5 stars with 1 ratings
Leon Bridges , Coming Home,$20.99,Sony Music
King Princess , Cheap Queen (Vinyl),$29.99,5 out of 5 stars with 3 ratings
Derek And The Domino , Layla & Oth (4 Lp) Ce (Vinyl),$29.99,$104.99
Garth Brooks , Triple Live (Vinyl),$13.99,5 out of 5 stars with 1 ratings
Garth Brooks , Triple Live (Vinyl),$13.99,5 out of 5 stars with 1 ratings
Yola , Stand For Myself (LP) (Vinyl),$22.99,5 out of 5 stars with 1 ratings
Metallica , Metallica,$22.99,5 out of 5 stars with 2 ratings
Garth Brooks , Fresh Horses (Vinyl),$22.99,$9.99
Ashton Irwin , Superbloom (LP) (Coke Bottle Clear) (Vinyl),$19.99,4.8 out of 5 stars with 12 ratings
Eddie Vedder , Earthling,$19.99,Universal Music Group
Jimmy Buffett , Songs You Don't Know By Heart (Blue 2 LP) (Vinyl),$19.99,$24.49
Miles Davis , Kind of Blue (180,$22.99,Sony Music
Foreigner , 40,$22.99,Warner Music Group
Leon Bridges , Gold,$22.99,Sony Music
Various , The Rocky Horror Picture Show (OST Clear Red Vinyl),$22.99,4.3 out of 5 stars with 7 ratings
Amy Winehouse , At The BBC (3 LP) (Vinyl),$53.99,5 out of 5 stars with 2 ratings
Pearl Jam , No Code (150G Vinyl),$29.49,3 out of 5 stars with 2 ratings
Dean Martin , Very Best of Dean Martin (Vinyl),$29.49,2 out of 5 stars with 1 ratings
INTERPOL , Antics (Vinyl),$23.99,5 out of 5 stars with 1 ratings
INTERPOL , Antics (Vinyl),$23.99,5 out of 5 stars with 1 ratings
Stevie Wonder ," Songs In The Key Of Life (2 LP + 7"") (Vinyl)",$23.99,$33.49 MSRP $45.98
James Taylor , American Standard (LP) (Vinyl),$23.99,$25.99
Brian Wilson , Brian Wilson (180 Gram Translucent Blue (Vinyl),$23.99,$33.99
Various ," Love, Simon (OST) (Vinyl)",$23.99,5 out of 5 stars with 2 ratings
Luke Combs , This One's For You Too (Vinyl),$23.99,3 out of 5 stars with 2 ratings
Cody Johnson , Ain't Nothin' To It (Vinyl),$23.99,5 out of 5 stars with 1 ratings
Nipsey Hussle , Victory Lap (EXPLICIT LYRICS) (Vinyl),$29.49,5 out of 5 stars with 1 ratings
Massive Attack , Mezzanine (2 LP) (Vinyl),$37.99,5 out of 5 stars with 2 ratings
Massive Attack , Mezzanine (2 LP) (Vinyl),$37.99,5 out of 5 stars with 2 ratings
Queen , A Night At The Opera (LP) (Vinyl),$37.99,5 out of 5 stars with 3 ratings
Franklin Aretha , Aretha,$37.99,$28.99 - $39.99
Christina Aguilera , Stripped,$37.99,5 out of 5 stars with 2 ratings
Velvet Undergound , Velvet Underground & Nico (Vinyl),$37.99,$29.99
Williams Hayley , Flowers For Vases / Descansos (EXPLICIT LYRICS) (Vinyl),$16.59,5 out of 5 stars with 3 ratings
Soundtrack , The Nightmare Before Christmas (2 LP)(Picture Disc) (Vinyl),$16.59,4.9 out of 5 stars with 10 ratings
Billy Strings , Renewal (2 LP) (Vinyl),$29.49,5 out of 5 stars with 1 ratings
The Avett Brothers , I And Love And You (2 LP) (Vinyl),$29.49,5 out of 5 stars with 2 ratings
Sugarcult , Start Static (20th Anniversary Edition) (LP) (Vinyl),$15.99,3.8 out of 5 stars with 4 ratings
Britney Spears , Oops!...I Did It Again (Picture Disc) (Vinyl),$22.73,Sony Music
Tenille Townes , The Lemonade Stand,$22.73,5 out of 5 stars with 1 ratings
Jamie Xx , In Colour (Vinyl),$22.73,$22.99
Wu,Tang Clan ,$22.73,5 out of 5 stars with 1 ratings
Peter Gabriel , Up (Vinyl),$22.73,$24.99
Peter Gabriel , Up (Vinyl),$22.73,$24.99
KSI , All Over The Place (Vinyl),$20.99,4 out of 5 stars with 4 ratings
AC/DC , Highway to Hell,$20.99,Sony Music
Jonathan Richman ," I, Jonathan (LP) (Vinyl)",$21.99,5 out of 5 stars with 1 ratings
Jeremy Zucker/Chelsea Cutler , brent ii (LP) (EXPLICIT LYRICS) (Vinyl),$21.99,$18.99
Billy Joel , Stranger,$21.99,3.7 out of 5 stars with 3 ratings
Haim , Something To Tell You (Vinyl),$21.99,5 out of 5 stars with 3 ratings
Lit , A Place In The Sun (Vinyl),$21.99,$19.99
Watchhouse , Watchhouse,$21.99,$11.99 - $19.99
Watchhouse , Watchhouse,$21.99,$11.99 - $19.99
Brooks & Dunn , Reboot (Vinyl),$21.99,$22.99 MSRP $25.98
Bon Jovi , Slippery When Wet (LP) (Vinyl),$22.99,2.5 out of 5 stars with 2 ratings
Candlebox , Wolves,$22.99,$13.59 - $17.99
Beck , Odelay (LP) (Vinyl),$22.99,5 out of 5 stars with 1 ratings
Peterson Oscar , Motions & Emotions (Limited Edition Numb (Vinyl),$22.99,$19.59
"Harry Connick, Jr. ", Alone With My Faith (2 LP) (Vinyl),$22.99,$23.99
Leon Bridges , Good Thing,$22.99,Sony Music
Joe Jackson , Mike's Murder (Vinyl),$22.99,$18.59
Luke Combs , Trilogy The 10 Inch Single (Vinyl),$22.99,$9.39
Avenged Sevenfold , Nightmare (Vinyl),$32.99,New at
Drowning Pool , Sinner (LP) (Vinyl),$32.99,$22.99
Michael Jackson , Dangerous (Vinyl),$32.99,4.8 out of 5 stars with 4 ratings
Vince Guaraldi Trio , A Charlie Brown Christmas (Green LP) (Vinyl),$32.99,4.4 out of 5 stars with 8 ratings
Bennett Tony , Snowfall: The Tony Bennett Christmas Alb (Vinyl),$14.19,5 out of 5 stars with 1 ratings
Bennett Tony , Snowfall: The Tony Bennett Christmas Alb (Vinyl),$14.19,5 out of 5 stars with 1 ratings
Black Keys , Brothers Deluxe Remaster (Vinyl),$14.19,$32.99
Andrew Lloyd Webber ," Andrew Lloyd Webber's ""Cinderella"" (3 LP) (Vinyl)",$14.19,$46.49
Why Don't We , The Good Times And The Bad One,$14.19,Warner Music Group
boy pablo , Soy Pablo (LP)(Light Blue) (Vinyl),$14.19,4.8 out of 5 stars with 4 ratings
The Who , The Kids Are Alright (2 LP) (Vinyl),$26.49,5 out of 5 stars with 1 ratings
She & Him ," Melt Away: A Tribute to Brian Wilson (Target Exclusive, Vinyl)",$24.99,Universal Music Group
John Prine , Bruised Orange (Vinyl),$19.59,5 out of 5 stars with 1 ratings
Mac DeMarco , Here Comes The Cowboy (LP) (Vinyl),$19.59,5 out of 5 stars with 1 ratings
Mac DeMarco , Here Comes The Cowboy (LP) (Vinyl),$19.59,5 out of 5 stars with 1 ratings
David Bowie ," Heroes""",$19.59,5 out of 5 stars with 1 ratings
Various Artists , Songs From Cars (Picture Disc LP) (Vinyl),$19.59,$20.99
Michael Kiwanuka , KIWANUKA (2 LP) (Vinyl),$19.59,$34.99
Fleetwood Mac , Tusk (Vinyl),$19.59,$31.99
Nine Inch Nails , Not The Actual Events,$19.59,4.5 out of 5 stars with 4 ratings
Juanes , Origen (2 LP) (Vinyl),$35.99,5 out of 5 stars with 1 ratings
Between The Buried A , Colors Ii (EXPLICIT LYRICS),$35.99,$10.89 - $28.99
Brandi Carlile , In These Silent Days,$35.99,5 out of 5 stars with 2 ratings
Various Artists , The Gospel Truth: Complete Singles Collection (3 LP) (Vinyl),$35.99,$36.49
Britney Spears , Glory (Opaque White Vinyl) (EXPLICIT LYRICS),$28.99,5 out of 5 stars with 11 ratings
(SANDY) ALEX G , Beach Music (Vinyl),$28.99,1 out of 5 stars with 1 ratings
Lizzo , Coconut Oil (EXPLICIT LYRICS) (Vinyl),$17.99,4.7 out of 5 stars with 7 ratings
Otis Redding , Lonely & Blue: The Deepest Soul Of Otis Redding (LP) (Vinyl),$17.99,5 out of 5 stars with 6 ratings
Various Artists ," Undefeated / Music For the Movement (Target Exclusive, Vinyl)",$22.99,Universal Music Group
Various Artists ," Undefeated / Music For the Movement (Target Exclusive, Vinyl)",$22.99,Universal Music Group
Tool , Undertow (EXPLICIT LYRICS),$22.99,5 out of 5 stars with 3 ratings
Post Malone ," Wow. (7"") (EXPLICIT LYRICS) (Vinyl)",$11.99,4.4 out of 5 stars with 8 ratings
John Coltrane , Giant Steps (Vinyl),$11.99,$31.99
Kacey Musgraves , Pageant Material (LP) (Vinyl),$18.49,3.5 out of 5 stars with 8 ratings
Frehley Ace , Greatest Hits Live (Vinyl),$18.49,$25.99
Billy F Gibbons , Hardware (LP) (Vinyl),$18.49,4 out of 5 stars with 1 ratings
Lenny Kravitz , Greatest Hits (2 LP) (Vinyl),$18.49,$34.99 MSRP $37.99
Patsy Cline , Greatest Hits (LP) (Vinyl),$18.49,5 out of 5 stars with 3 ratings
Patsy Cline , Greatest Hits (LP) (Vinyl),$18.49,5 out of 5 stars with 3 ratings
Wu,Tang Clan ,$18.49,5 out of 5 stars with 1 ratings
Head And The Heart , Living Mirage:Complete Recordings (Vinyl),$18.49,$39.99
Gregg Allman , The Gregg Allman Tour (2 LP) (Vinyl),$18.49,$32.99
Bon Iver ," For Emma, Forever Ago",$18.49,WEA
Panic! At The Disco , Pretty. Odd (Vinyl),$18.49,5 out of 5 stars with 7 ratings
Ashe , Ashlyn (Clear Vinyl),$32.99,5 out of 5 stars with 6 ratings
John Mellencamp , The Good Samaritan Tour 2000 (LP) (Vinyl),$32.99,$18.29
Alien Ant Farm , Smooth Criminal (Green Or Purple) (Vinyl),$15.99,5 out of 5 stars with 1 ratings
Midland , On The Rocks (LP) (Vinyl),$15.99,5 out of 5 stars with 1 ratings
Ella Mai , Heart On My Sleeve (Target Exclusive),$15.99,Universal Music Group
Outkast , Southernplayalisticadillacmuzik (Vinyl),$15.99,3 out of 5 stars with 2 ratings
Wallows , Remote Etched Pink (Vinyl),$14.59,4.9 out of 5 stars with 8 ratings
Foo Fighters , Colour And The Shape,$14.59,$9.99 - $23.49
Foo Fighters , Greatest Hits,$14.59,Sony Music
Foo Fighters , Greatest Hits,$14.59,Sony Music
Keith Urban , THE SPEED OF NOW Part 1 (2 LP) (Vinyl),$14.59,$22.99
Various , In The Heights Original Motion Picture Soundtrack (Vinyl),$28.49,5 out of 5 stars with 2 ratings
Annihilator , Ballistic sadistic (EXPLICIT LYRICS) (Vinyl),$28.49,$20.99
Volbeat , Hokus Bonus (LP) (EXPLICIT LYRICS) (Vinyl),$21.49,5 out of 5 stars with 1 ratings
Aerosmith , Get Your Wings,$21.49,$7.99 - $22.99
NCT 127 , The 4th Mini Album 'NCT #127 WE ARE SUPERHUMAN' (Picture Disc) (Vinyl),$14.59,4.4 out of 5 stars with 10 ratings
Cake , Age Of Aquarius (Vinyl),$14.59,$11.69
Gary Wright , The Dream Weaver (180 Gram Purple Audiop (Vinyl),$14.59,$27.99
Gary Wright , The Dream Weaver (180 Gram Purple Audiop (Vinyl),$14.59,$27.99
The Beatles , Magical Mystery Tour (LP) (Vinyl),$14.59,4.9 out of 5 stars with 7 ratings
Maren Morris , Girl (Vinyl),$14.59,5 out of 5 stars with 2 ratings
System Of A Down , Mezmerize (Vinyl),$14.59,5 out of 5 stars with 2 ratings
The Polar Express Soundtrack , Polar Express (OST) (Transparent White) (Vinyl),$14.59,$19.99
Halsey ," If I Can't Have Love, I Want Power (LP) (EXPLICIT LYRICS) (Vinyl)",$23.99,5 out of 5 stars with 2 ratings
Jon Batiste , WE ARE (LP) (Vinyl),$22.49,5 out of 5 stars with 6 ratings
George Harrison , George Harrison (LP) (Vinyl),$22.49,$22.49 MSRP $27.98
The Beatles , Help! (LP) (Vinyl),$22.49,4.8 out of 5 stars with 5 ratings
Ghost , Meliora (LP) (Vinyl),$22.49,3 out of 5 stars with 4 ratings
Dermot Kennedy , Without Fear (LP) (Vinyl),$25.99,5 out of 5 stars with 1 ratings
Small Faces , Itchycoo Park (10 Picture Disc) (Vinyl),$25.99,$12.99
Lil Tecca , Virgo World (LP) (EXPLICIT LYRICS) (Vinyl),$19.99,5 out of 5 stars with 1 ratings
My Morning Jacket ," My Morning Jacket (2LP) (Target Exclusive, Vinyl)",$26.99,Universal Music Group
Lee Konitz/Gerry Mulligan , Lee Konitz Plays With The Gerry Mulligan Quartet (Blue Note Tone Poet Series) (LP) (Vinyl),$26.99,$29.99
Lee Konitz/Gerry Mulligan , Lee Konitz Plays With The Gerry Mulligan Quartet (Blue Note Tone Poet Series) (LP) (Vinyl),$26.99,$29.99
Ledisi , The Wild Card,$26.99,$10.49 - $23.99
King Gizzard & The Lizard Wizard , 12 Bar Bruise (LP)(Green) (Vinyl),$26.99,$22.99 MSRP $24.98
Bleached , Don't You Think You've Had Enough?,$26.99,$13.49 - $17.99
Gallagher Rory , Live At Montreux (2 Lp) (Vinyl),$26.99,$22.99
Volbeat , The Strength / The Sound / The (Vinyl),$24.99,5 out of 5 stars with 3 ratings
Ry X & London Contem , Live From The Royal Albert Hal (Vinyl),$24.99,$29.99
George Benson , The Other Side Of Abbey Road (180 Gram A (Vinyl),$24.99,$30.49
Lake Street Dive , Obviously (Vinyl),$17.99,5 out of 5 stars with 2 ratings
Lake Street Dive , Obviously (Vinyl),$17.99,5 out of 5 stars with 2 ratings
Bob Seger & The Silver Bullet Band , Greatest Hits (2 LP)(120 Gram) (Vinyl),$20.99,5 out of 5 stars with 1 ratings
Shatner William / Pa , Blues,$20.99,$16.99 - $23.99
The Offspring , Greatest Hits (Vinyl),$25.99,Universal Music Group
Shawn Mendes , Wonder (LP) (Vinyl),$22.99,4.7 out of 5 stars with 3 ratings
Foo Fighters , Medicine At Midnight,$22.99,Sony Music
ODESZA , Moment Apart (Vinyl),$22.99,$23.49
Big Star , Live On WLIR (Vinyl),$22.99,$29.99
Erasure , The Neon Remixed,$22.99,$17.19 - $20.49
Mariah Carey , Butterfly (Vinyl),$22.99,4.2 out of 5 stars with 5 ratings
Michael Jackson , Bad (Vinyl),$22.99,4 out of 5 stars with 4 ratings
Switchfoot , NATIVE TONGUE (2 LP) (Vinyl),$22.99,$26.99 MSRP $29.98
Eric Church , Carolina (Clear LP) (Vinyl),$22.99,$20.49
Savage Anna B , A Common Turn (Limited Edition Transpare (Vinyl),$22.99,$22.99
Mystikal , Unpredictable (Vinyl),$22.99,4 out of 5 stars with 2 ratings
Mystikal , Unpredictable (Vinyl),$22.99,4 out of 5 stars with 2 ratings
Def Leppard , Diamond Star Halos (Target Exclusive),$22.99,Universal Music Group
Zara Larsson , Poster Girl (White Vinyl/16 X24 Poster),$18.29,4.5 out of 5 stars with 4 ratings
Ozzy Osbourne , Blizzard Of Ozz (Vinyl),$18.29,1 out of 5 stars with 4 ratings
The Beatles , A Hard Day's Night (LP) (Vinyl),$18.29,1 out of 5 stars with 1 ratings
Panic! At the Disco ," Too Weird to Live, Too Rare to Die! (LP) (Vinyl)",$18.99,Alliance Entertainment
The Beatles , Past Masters (2 LP) (Vinyl),$29.99,2.4 out of 5 stars with 8 ratings
Kenny Burrell , Midnight Blue (Blue Note Classic Vinyl Series) (LP),$29.99,$22.99
Sturgill Simpson , Sailor's Guide to Earth (EXPLICIT LYRICS) (Vinyl),$29.99,$20.99 MSRP $24.98
Sturgill Simpson , Sailor's Guide to Earth (EXPLICIT LYRICS) (Vinyl),$29.99,$20.99 MSRP $24.98
Alustrium , A Monument To Silence (Vinyl),$29.99,$22.49
Jane's Addiction , Nothing's Shocking (EXPLICIT LYRICS) (Vinyl),$29.99,$21.99
Elliott Smith , An Introduction To Elliott Smith (Vinyl),$29.99,$19.99
Jimi Hendrix , Smash Hits (Vinyl),$19.99,Sony Music
Hanson , Against The World,$19.99,5 out of 5 stars with 3 ratings
Soundtrack , Nightmare Before Christmas (2 LP) (Vinyl),$19.99,4.4 out of 5 stars with 5 ratings
Kid Cudi ," Man On The Moon III: The Chosen (Target Exclusive, Vinyl)",$26.99,Universal Music Group
Isley Brothers , This Old Heart Of Mine (LP) (Vinyl),$26.99,$20.99 MSRP $29.99
Julia Michaels , Not In Chronological Order (LP) (EXPLICIT LYRICS) (Vinyl),$21.49,5 out of 5 stars with 3 ratings
ROLE MODEL , our little angel ,$21.49,$19.99
Wet , Still Run (Vinyl),$21.49,5 out of 5 stars with 2 ratings
The Offspring , Let The Bad Times Roll (LP) (EXPLICIT LYRICS) (Vinyl),$21.49,$22.99
Van Halen , Van Halen II (Vinyl),$21.99,4 out of 5 stars with 3 ratings
BEACH BUNNY , Prom Queen/Sports Ep (Vinyl),$15.99,5 out of 5 stars with 2 ratings
BEACH BUNNY , Prom Queen/Sports Ep (Vinyl),$15.99,5 out of 5 stars with 2 ratings
Madonna , Who's That Girl (Clear) (Vinyl),$21.99,5 out of 5 stars with 1 ratings
Glen Campbell , Live From The Troubadour (2 LP) (Vinyl),$21.99,$20.49
M83 , DSVII,$21.99,$14.99 - $29.99
Silverstein , 18 Candles: The Early Years (2 LP) (Vinyl),$21.99,$25.99
Kane Brown , Kane Brown,$21.99,Sony Music
Hank Williams , 20 Of Hank Williams' Greatest Hits (LP) (Vinyl),$21.99,$22.99
Ted Nugent , Cat Scratch Fever,$21.99,$5.69 - $37.99
SebastiAn , Thirst (Deluxe Double Colored Vinyl + CD),$21.99,$35.99
SebastiAn , Thirst (Deluxe Double Colored Vinyl + CD),$21.99,$35.99
J. Cole , KOD (LP) (EXPLICIT LYRICS) (Vinyl),$21.99,4 out of 5 stars with 7 ratings
Autograph , Buzz (Neon Yellow Vinyl),$21.99,$22.49
Kings of Leon , When You See Yourself,$21.99,Sony Music
Weezer , Tbd (Vinyl),$21.99,$16.59
Amy Grant , Unguarded (2 LP) (Vinyl),$39.99,5 out of 5 stars with 2 ratings
Jarreau Al , Live At Montreux 1993 (Vinyl),$39.99,$23.99
Of Monsters And Men , My Head Is An Animal (2 LP) (Vinyl),$39.99,5 out of 5 stars with 3 ratings
Lynyrd Skynyrd , (Pronounced 'Leh,$39.99,3.3 out of 5 stars with 3 ratings
Weezer , Weezer (Teal) (Vinyl),$19.99,4 out of 5 stars with 3 ratings
Depeche Mode , 101,$19.99,$34.99 - $96.99
Various Artists ," Romy and Michele's High School Reunion (Target Exclusive, Vinyl)",$17.99,Universal Music Group
Various , Trolls (OST) (Vinyl),$17.99,$19.99 MSRP $20.98
Fagen Donald , The Nightfly (Vinyl),$22.99,5 out of 5 stars with 1 ratings
Black Pumas , Black Pumas (LP)(Creme) (Vinyl),$22.99,5 out of 5 stars with 3 ratings
Black Pumas , Black Pumas (LP)(Creme) (Vinyl),$22.99,5 out of 5 stars with 3 ratings
Elvis Costello & The Attractions , This Year's Model (Remastered) (LP) (Vinyl),$22.99,$25.99
Streisand Barbra , Release Me 2,$22.99,$10.99 - $17.29
Boston , Boston (Vinyl),$22.99,4.9 out of 5 stars with 7 ratings
Jake Bugg ," Saturday Night, Sunday Morning",$22.99,$10.49 - $17.99
I Prevail ," TRUE POWER (Target Exclusive, Vinyl)",$22.99,Universal Music Group
Lindsey Stirling , Snow Waltz (Target Exclusive),$22.99,Universal Music Group
Between The Buried & Me , Colors (2 LP) (2020 Remix/Remaster) (Vinyl),$22.99,$29.99
Kendrick Lamar , untitled unmastered (Vinyl),$23.34,Universal Music Group
Kendrick Lamar , untitled unmastered (Vinyl),$23.34,Universal Music Group
Janis Joplin , Janis Joplin's Greatest Hits (Vinyl),$23.34,5 out of 5 stars with 4 ratings
The Munsters , The Munsters (Limited Orange With Black (Vinyl),$23.34,$22.99
Angel Olsen , MY WOMAN (Vinyl),$23.34,$20.99
Creedence Clearwater Revival ," At The Royal Albert Hall (Target Exclusive, Vinyl)",$24.99,Universal Music Group
Florida Georgia Line ," Greatest Hits (Target Exclusive, Vinyl)",$24.99,Universal Music Group
Lauv , All 4 Nothing (Target Exclusive),$24.99,Universal Music Group
Rapsody ," EVE (Target Exclusive, Vinyl)",$24.99,Universal Music Group
The 1975 ," Being Funny In A Foreign Language (Target Exclusive, Vinyl)",$24.99,Universal Music Group
Vince Guaraldi Trio ," A Charlie Brown Christmas (Target Exclusive, Vinyl)",$24.99,Universal Music Group
Nina Simone ," Feeling Good: Her Greatest Hits (Target Exclusive, Vinyl)",$25.99,Universal Music Group
Marcus Mumford , (self,$25.99,Universal Music Group
Olivia Newton,John ,$26.99,Universal Music Group
Lil Baby & Lil Durk , The Voice Of The Heroes (Target Exclusive),$26.99,Universal Music Group
Dermot Kennedy ," Sonder (Target Exclusive, Vinyl)",$26.99,Universal Music Group
Dermot Kennedy ," Sonder (Target Exclusive, Vinyl)",$26.99,Universal Music Group
Stevie Nicks , Bella Donna,$26.99,5 out of 5 stars with 1 ratings
Taylor Swift , Midnights: Lavender Edition (Target Exclusive),$26.99,Universal Music Group
Taylor Swift , Midnights: Mahogany Edition (Vinyl),$29.99,Universal Music Group
Taylor Swift , Midnights: Jade Green Edition (Vinyl),$29.99,Universal Music Group
Tkay Maidza , Last Year Was Weird Vol. 2 (Vinyl),$29.99,$19.99
William Shatner , William Shatner Has Been (LP) (Vinyl),$29.99,$23.99
Mac Miller , Macadelic (10th Anniversary) (2LP) (Vinyl),$31.49,Universal Music Group
The Rolling Stones , Hot Rocks 1964,$27.99,4.9 out of 5 stars with 7 ratings
The Rolling Stones , Hot Rocks 1964,$27.99,4.9 out of 5 stars with 7 ratings
Florence + The Machine , Dance Fever (Target Exclusive),$27.99,Universal Music Group
Jimmy Buffett ," Buffett Live: Tuesdays, Thursdays, Saturdays (2 LP) (Vinyl)",$27.99,5 out of 5 stars with 1 ratings
Trees Speak , Posthuman (Vinyl),$27.99,$31.49
glaive , cypress grove (LP) (EXPLICIT LYRICS) (Vinyl),$22.99,4.3 out of 5 stars with 3 ratings
BENEE , Hey u x (Translucent Red LP) (EXPLICIT LYRICS) (Vinyl),$23.99,5 out of 5 stars with 1 ratings
Imagine Dragons , Evolve (LP) (Vinyl),$23.99,4.8 out of 5 stars with 5 ratings
Avenged Sevenfold , Avenged Sevenfold (Vinyl),$24.99,New at
Various Artists ," NOW Wonderful Christmas (Target Exclusive, Vinyl)",$34.99,Universal Music Group
YUNGBLUD ," YUNGBLUD (Target Exclusive, Vinyl)",$34.99,Universal Music Group
Various Artists , Top Gun: Maverick Soundtrack (Vinyl),$34.99,Universal Music Group
Sturgill Simpson , High Top Mountain,$34.99,$12.99 - $16.99
Anderson East , Maybe We Never Die (Vinyl),$15.49,5 out of 5 stars with 1 ratings
Freddie Mercury ," Messenger Of The Gods (13 Vinyl 7"" Singles)",$15.49,$87.99 MSRP $139.98
Trisha Yearwood , Let's Be Frank,$15.49,$12.29 - $18.99
Trisha Yearwood , Let's Be Frank,$15.49,$12.29 - $18.99
Amine , Limbo (LP) (EXPLICIT LYRICS) (Vinyl),$19.99,4.3 out of 5 stars with 7 ratings
NF , PERCEPTION (2 LP) (Vinyl),$22.99,5 out of 5 stars with 4 ratings
Moneybagg Yo , Time Served (2LP Deluxe Edition) (EXPLICIT LYRICS) (Vinyl),$23.99,4.5 out of 5 stars with 2 ratings
Ramones , Road to Ruin,$23.99,$9.99 - $19.99
Gary Clark Jr. , Gary Clark Jr. Live,$23.99,$14.99 - $25.99
Paul Stanley's Soul Station , NOW AND THEN (2 LP) (Vinyl),$23.99,$23.99
DMX , Exodus,$23.99,Universal Music Group
Babymetal , 10 Babymetal Years (Crystal Clear Vinyl),$23.99,$29.99
Babymetal , 10 Babymetal Years (Crystal Clear Vinyl),$23.99,$29.99
My Chemical Romance , The Black Parade (Vinyl),$23.99,WEA
Andra Day , The United States Vs. Billie H (Vinyl),$23.99,$15.59
Pop Smoke ," Faith (Target Exclusive, Vinyl)",$39.99,Universal Music Group
Glass Animals ," Dreamland (Target Exclusive, Vinyl)",$39.99,Universal Music Group
Various Artists ," Bridgerton Season Two (Netflix Series Soundtrack) (Target Exclusive, Vinyl)",$39.99,Universal Music Group
Bob Dylan , Shadows In The Night (Vinyl),$15.39,5 out of 5 stars with 1 ratings
Playboi Carti , Playboi Carti (LP) (EXPLICIT LYRICS) (Vinyl),$15.39,4.4 out of 5 stars with 8 ratings
Nas , King's Disease (2 LP) (Red) (EXPLICIT LYRICS) (Vinyl),$19.99,3 out of 5 stars with 1 ratings
Surfaces , Horizons (LP) (Red) (Vinyl),$18.99,4.3 out of 5 stars with 3 ratings
Prince , Welcome 2 America (2 LP) (Vinyl),$20.99,5 out of 5 stars with 3 ratings
Yves Tumor , The Asymptotical World Ep (7 Box Set) (Vinyl),$20.99,$51.99
VARIOUS ARTISTS , World Spirituality Classics 2: The Time For Peace Is Now,$20.99,$15.99 - $17.49
Brandi Carlile , The Firewatcher's Daughter (2 LP) (White) (Vinyl),$19.99,5 out of 5 stars with 2 ratings
The Wallflowers , Exit Wounds,$19.99,5 out of 5 stars with 1 ratings
The Wallflowers , Exit Wounds,$19.99,5 out of 5 stars with 1 ratings
Wayne Shorter , The All Seeing Eye (Blue Note Tone Poet Series) (LP) (Vinyl),$19.99,$28.49
Chvrches , Screen Violence,$19.99,$10.49 - $20.49
King Gizzard & The Lizard Wizard , Nonagon Infinity (LP) (Yellow/Red/Black) (Vinyl),$19.99,$19.49
Johnny Cash , All Aboard The Blue Train (Lp) (Vinyl),$21.99,5 out of 5 stars with 1 ratings
Slash featuring Myles Kennedy & The Conspirators , Living The Dream Tour (3 LP) (Vinyl),$21.99,$37.99
Yuno , Moodie (Vinyl),$21.99,$15.99
Lil Baby ," The Bigger Picture (Glossy Black 12"") (EXPLICIT LYRICS) (Vinyl)",$16.49,5 out of 5 stars with 2 ratings
Cee Lo Green , The Lady Killer (Hot Pink Vinyl),$16.49,$34.99
Cee Lo Green , The Lady Killer (Hot Pink Vinyl),$16.49,$34.99
Nathaniel Rateliff & The Night Sweats , The Future (Target Exclusive),$16.49,Universal Music Group
Ford Robben , Pure (Lp) (Vinyl),$16.49,$17.19
AC/DC , Pwr Up (Vinyl),$34.99,Sony Music
Jay,Z ,$48.99,Universal Music Group
Imagine Dragons ," Night Visions (2LP)(Target Exclusive, Vinyl)",$48.99,Universal Music Group
Kendrick Lamar ," Mr. Morale & The Big Steppers (2LP) (Target Exclusive, Vinyl)",$48.99,Universal Music Group
Hurtwave , Night Therapy I (Clear Pink LP) (Vinyl),$48.99,$22.99
Conan Gray , Superache (Target Exclusive),$48.99,Universal Music Group
Ice Nine Kills , Every Trick In The Book (LP) (Vinyl),$24.99,5 out of 5 stars with 1 ratings
Kacey Musgraves , Same Trailer Different Park (LP) (Vinyl),$24.99,5 out of 5 stars with 7 ratings
Muddy Waters/Rolling Stones , Live At Checkerboard Lounge Chicago 1981 (Vinyl) (Opaque Red & Opaque White) (2 LP),$49.99,Universal Music Group
Prince , Parade (Music from The Motion Picture Under The Cherry Moon) (Vinyl),$49.99,5 out of 5 stars with 3 ratings
Portugal. The Man , In The Mountain In The Cloud (EXPLICIT LYRICS) (Vinyl),$49.99,$19.59
Rag 'N' Bone Man , Life By Misadventure (Vinyl),$28.99,5 out of 5 stars with 1 ratings
Rag 'N' Bone Man , Life By Misadventure (Vinyl),$28.99,5 out of 5 stars with 1 ratings
Norah Jones , 'Til We Meet Again (Live) (2 LP) (Vinyl),$27.99,5 out of 5 stars with 2 ratings
Metallica , Master of Puppets (EXPLICIT LYRICS) (Vinyl),$27.99,4.9 out of 5 stars with 8 ratings
Oscar Peterson Trio , Walking The Line (Lp) (Vinyl),$21.99,4 out of 5 stars with 1 ratings
Evanescence , Fallen (LP) (Vinyl),$21.99,5 out of 5 stars with 2 ratings
Alexander 23 ," Oh No, Not Again! ",$21.99,$22.99
Old 97's , Twelfth (Silver LP) (Vinyl),$21.99,$19.29
Gloria Estefan , Brazil305,$21.99,5 out of 5 stars with 4 ratings
YVES TUMOR , Heaven To A Tortured Mind,$21.99,5 out of 5 stars with 1 ratings
YVES TUMOR , Heaven To A Tortured Mind,$21.99,5 out of 5 stars with 1 ratings
Lewis Del Mar , AUGUST (2LP) (Vinyl),$21.99,$18.99
Prince and the Revolution , Purple Rain (Vinyl),$24.99,3.5 out of 5 stars with 11 ratings
Dumpstaphunk , Where Do We Go From Here,$24.99,5 out of 5 stars with 1 ratings
Anne Marie , Therapy (Limited Edition Pink (Vinyl),$15.69,5 out of 5 stars with 3 ratings
Paul & Linda McCartney , RAM (LP) (Vinyl),$15.69,5 out of 5 stars with 1 ratings
Maze Featuring Frankie Beverly , Live In New Orleans (2 LP) (Vinyl),$21.99,5 out of 5 stars with 2 ratings
Animal Collective , Feels (Vinyl),$21.99,$25.49
John Williams/Charles Gerhardt/National Philharmonic Or , The Empire Strikes Back: Symphonic Suite (LP) (Vinyl),$21.99,$29.99
James Mcmurtry , The Horses And The Hounds,$21.99,$11.19 - $23.99
LANY , gg bb xx (White LP) (Vinyl),$29.99,5 out of 5 stars with 2 ratings
Kelsey Waldon , The Goldmine (Vinyl),$29.99,$18.99
Prince , Sign O' The Times (EXPLICIT LYRICS) (Vinyl),$69.99,5 out of 5 stars with 2 ratings
Savoy Brown , Ain't Done Yet,$69.99,$11.99 - $16.99
Silverstein , When Broken Is Easily Fixed (Canary Yellow LP) (Vinyl),$69.99,$25.99
Silverstein , When Broken Is Easily Fixed (Canary Yellow LP) (Vinyl),$69.99,$25.99
Eminem , Curtain Call 2 (2LP) (Vinyl),$59.99,Universal Music Group
boy pablo , Wachito Rico (LP) (Vinyl),$19.29,5 out of 5 stars with 4 ratings
The Animals , The Best Of The Animals (LP) (Vinyl),$19.29,5 out of 5 stars with 1 ratings
Andrew Lloyd Webber , Jesus Christ Superstar (50th Anniversary) (2 LP) (Vinyl),$29.99,5 out of 5 stars with 1 ratings
Eddie Perfect , Beetlejuice (original broadway cast recording) (Vinyl),$30.49,5 out of 5 stars with 4 ratings
Lafarge Pokey , Rock Bottom Rhapsody,$30.49,$12.99 - $19.99
R.E.M. , Automatic For The People (25th Anniversary Deluxe Edition) (LP) (Vinyl),$30.49,4.5 out of 5 stars with 2 ratings
Jesse Royal , Royal (Vinyl),$14.79,5 out of 5 stars with 1 ratings
Jesse Royal , Royal (Vinyl),$14.79,5 out of 5 stars with 1 ratings
Westerman , Your Hero Is Not Dead (Vinyl),$14.79,$18.99
Eric Church , Heart (LP) (Vinyl),$22.99,5 out of 5 stars with 3 ratings
The Offspring , Conspiracy Of One (LP) (EXPLICIT LYRICS) (Vinyl),$22.99,$18.99
The Who , Who's Next (LP)(Remastered) (Vinyl),$22.99,4.3 out of 5 stars with 3 ratings
Neil Young , Harvest Moon,$22.99,$10.59 - $23.99
Polachek Caroline , Standing At The Gate: Remix Collection (Vinyl),$22.99,$17.99
Maggie Rogers , Notes From The Archive: Recordings 2011,$27.99,4.3 out of 5 stars with 3 ratings
Modest Mouse ," No One's First, And You're Next (Vinyl)",$27.99,$20.99 MSRP $23.98
Leon , Apart (Vinyl),$22.99,5 out of 5 stars with 2 ratings
"Yo Yo Ma, Stuart Duncan, Edgar Meyer & Chris Thile ", Not Our First Goat Rodeo (Vinyl),$16.89,4 out of 5 stars with 1 ratings
Barenaked Ladies , Detour De Force,$16.89,5 out of 5 stars with 1 ratings
Sublime with rome , Blessings (EXPLICIT LYRICS) (Vinyl),$16.89,$24.99
Phish , LP On LP 02 (Vinyl),$20.49,5 out of 5 stars with 1 ratings
Saga , Worlds Apart (Lp) (Vinyl),$20.49,$19.99
Saga , Worlds Apart (Lp) (Vinyl),$20.49,$19.99
The Doors , Soft Parade (50 Th Anniversary Remaster Edition)(1 Lp)(180 Gram Vinyl),$21.99,5 out of 5 stars with 1 ratings
NRBQ , High Noon: 50 Year Retrospective (Vinyl),$21.99,$31.49 MSRP $31.98
Roger Taylor , Outsider (LP) (Vinyl),$21.99,$20.49
Survivor , The Best Of Survivor Greatest Hits (180 (Vinyl),$21.99,$37.99
Disclosure , ENERGY (2 LP) (EXPLICIT LYRICS) (Vinyl),$21.99,$29.49
Led Zeppelin , In Through The Out Door (Vinyl),$21.99,$24.99
System Of A Down , Hypnotize (Vinyl),$21.99,5 out of 5 stars with 2 ratings
Jeff Buckley , Grace,$21.99,5 out of 5 stars with 1 ratings
Jeff Buckley , Grace,$21.99,5 out of 5 stars with 1 ratings
Huey Lewis & The News , Weather,$21.99,$9.99 - $17.99
Ghostface Killah , More Fish (2 LP) (EXPLICIT LYRICS) (Vinyl),$21.99,$23.99 MSRP $26.98
Elle King , Shake The Spirit (Vinyl),$21.99,$18.99
Happy. , Imposter Syndrome (EXPLICIT LYRICS) (Vinyl),$21.99,$21.99
Sturgill Simpson , Sound & fury(ost) lp (EXPLICIT LYRICS) (Vinyl),$19.49,5 out of 5 stars with 1 ratings
Nickel Creek , Nickel Creek (2 LP) (Vinyl),$19.49,$32.49
Bee Gees , Main Course (LP) (Vinyl),$19.49,$27.99
Carole King , Her Greatest Hits (Songs Of Long Ago) (Vinyl),$18.99,5 out of 5 stars with 1 ratings
I Prevail , TRAUMA (LP) (EXPLICIT LYRICS) (Vinyl),$22.99,1 out of 5 stars with 1 ratings
"Roger Eno,Brian Eno ", Mixing Colours (2 LP) (Vinyl),$22.99,$32.99
Delain , Apocalypse & Chill,$22.99,$13.69 - $23.99
Mcbride Martina , Greatest Hits:Rca Years (Vinyl),$20.49,5 out of 5 stars with 1 ratings
THE ANXIETY (WILLOW & Tyler Cole) , THE ANXIETY (LP) (Vinyl),$20.49,$21.99
Hans Zimmer , The Holiday (Original Motion Picture Soundtrack) (LP) (White) (Vinyl),$23.99,5 out of 5 stars with 2 ratings
Hans Zimmer , The Holiday (Original Motion Picture Soundtrack) (LP) (White) (Vinyl),$23.99,5 out of 5 stars with 2 ratings
Iggy Pop , Zombie Birdhouse (LP) (Vinyl),$23.99,$22.99
Lewis Capaldi , Divinely Uninspired To A Hellish Extent (LP) (EXPLICIT LYRICS) (Vinyl),$23.99,5 out of 5 stars with 12 ratings
Brittany Howard , Jaime Reimagined (Neon Magenta & Black Splotch LP) (Vinyl),$14.99,5 out of 5 stars with 1 ratings
Houston Whitney , One Wish The Holiday Album (Vinyl),$14.99,$14.39
Aerosmith , 1971: The Road Starts Hear,$14.99,Universal Music Group
Kylie Minogue , Disco (Vinyl),$23.99,5 out of 5 stars with 7 ratings
Circles Around The Sun , Meets Joe Russo (Vinyl),$23.99,$17.99
Dyke & The Blazers , I Got A Message: Hollywood (1968,$23.99,$20.99
Dyke & The Blazers , I Got A Message: Hollywood (1968,$23.99,$20.99
Hynes Devonte , Queen & Slim (Original Motion Picture Score),$23.99,$10.19 - $16.49
Lucy Dacus , No Burden (Vinyl),$22.99,5 out of 5 stars with 1 ratings
Lil Yachty , Lil Boat 3 (2 LP) (EXPLICIT LYRICS) (Vinyl),$20.99,5 out of 5 stars with 1 ratings
Brandi Carlile ," By The Way, I Forgive You",$20.99,5 out of 5 stars with 1 ratings
"Chunk! No, Captain Chunk! ", Gone Are The Good Days (Translucent Tiger's Eye 2 LP) (Vinyl),$20.99,$18.99
Moritz Von Oswald Mo , Dissent (Feat. Heinrich K Bber (Vinyl),$20.99,$19.99
Edward Sharpe & The Magnetic Z , Edward Sharpe And The Magnetic Zeros (Vinyl),$20.99,$23.99 MSRP $24.98
Between The Buried And Me , Alaska (2 LP) (2020 Remix/Remaster) (Vinyl),$20.99,$29.99
Aerosmith , Nine Lives (Vinyl),$20.99,$23.99
DOS SANTOS , Logos (Vinyl),$20.99,$21.49 MSRP $23.99
Halsey , Manic (LP) (EXPLICIT LYRICS) (Vinyl),$18.29,3.9 out of 5 stars with 13 ratings
Olivia Newton,John ,$24.99,Universal Music Group
Chris LeDoux , Wyoming Cowboy ,$16.59,4.5 out of 5 stars with 2 ratings
Leonard Cohen , Thanks For The Dance,$16.59,$11.99 - $25.99
Leonard Cohen , Thanks For The Dance,$16.59,$11.99 - $25.99
Brian Setzer , Nitro Burnin' Funny Daddy (Vinyl),$15.99,5 out of 5 stars with 1 ratings
Judy Collins , Both Sides Now: The Very Best Of (Vinyl),$15.99,$26.49
Dream Theater , Lost Not Forgotten Archives: Master Of P,$15.99,$16.99 - $27.99
Rascal Flatts , Greatest Hits Volume 1 (2 LP) (Vinyl),$23.99,1 out of 5 stars with 1 ratings
Michael Giacchino , Music From Zootopia (Picture Disc) (Vinyl),$23.99,$19.99
Led Zeppelin , Led Zeppelin II (Vinyl),$39.99,3.8 out of 5 stars with 4 ratings
The Band Camino , The Band Camino (EXPLICIT LYRICS),$39.99,5 out of 5 stars with 1 ratings
Various Artists , Cash Money: The Instrumentals (2 LP) (Vinyl),$39.99,$22.99
Various Artists , Cash Money: The Instrumentals (2 LP) (Vinyl),$39.99,$22.99
Black Pumas ," Black Pumas (Target Exclusive, Vinyl) (2LP)",$34.99,Universal Music Group
Bo Burnham ," INSIDE (DELUXE) (Target Exclusive, Vinyl) (3LP)",$89.99,Universal Music Group
Anthrax , Sound Of White Noise,$89.99,$12.59 - $28.99
World Party , Goodbye Jumbo (LP) (Vinyl),$21.49,5 out of 5 stars with 2 ratings
Nirvana , Bleach,$21.49,$9.99 - $16.99
Selena Gomez , Revelación,$21.49,5 out of 5 stars with 4 ratings
St. Vincent , Daddy's Home (LP) (Vinyl),$21.49,$25.99
Charles Mingus , The Black Saint And The Sinner Lady (Verve Acoustic Sounds Series) (LP) (Vinyl),$35.99,5 out of 5 stars with 1 ratings
The Cars , Heartbeat City (Expanded Edition) (Vinyl),$35.99,$29.99
Lady Gaga , Born This Way (2 LP) (Vinyl),$35.99,4.8 out of 5 stars with 13 ratings
Stray Cats , Live At The Roxy 1981 (Vinyl),$35.99,$22.49
Emmylou Harris , Red Dirt Girl (Vinyl),$35.99,$29.99
Various Artists ," Proud Family: Louder and Prouder (Target Exclusive, Vinyl)",$16.99,Universal Music Group
James Brown , You've Got the Power (Vinyl),$16.99,$19.99
James Brown , You've Got the Power (Vinyl),$16.99,$19.99
Carrie Underwood , My Gift (Special Edition) (Target Exclusive),$16.99,Universal Music Group
The Coral , Coral Island,$16.99,$14.99 - $27.99
John Carpenter , Halloween (OST) (Vinyl),$21.99,5 out of 5 stars with 1 ratings
Steve Miller Band , Rock Love (LP) (Vinyl),$21.99,$29.99
The Killers , Imploding The Mirage (LP) (Vinyl),$19.49,5 out of 5 stars with 3 ratings
Van Morrison , Moondance (Vinyl),$24.99,Ingram Entertainment
Blue October , This Is What I Live For (Vinyl),$33.99,5 out of 5 stars with 1 ratings
Browne Jackson , Downhill From Everywhere (Vinyl),$33.99,$19.59
Browne Jackson , Downhill From Everywhere (Vinyl),$33.99,$19.59
Old 97 S , Fight Songs Deluxe Edition Rog (Vinyl),$33.99,$34.49
Green Day , Father of All (EXPLICIT LYRICS) (Vinyl),$19.99,5 out of 5 stars with 2 ratings
Duke George , The Inner Source (2 Lp) (Vinyl),$19.99,$23.99
Elton John , Goodbye Yellow Brick Road (2 LP)(Remastered) (Vinyl),$19.99,3.7 out of 5 stars with 3 ratings
John Coltrane , Another Side Of John Coltrane (2 LP) (Vinyl),$26.49,5 out of 5 stars with 1 ratings
Patsy Cline , Walkin' After Midnight The Essentials (Vinyl),$34.99,2.3 out of 5 stars with 3 ratings
New Order , Be a Rebel Remixed (Limited Edition Clear Vinyl),$34.99,$24.99
Highly Suspect , Mcid (EXPLICIT LYRICS),$34.99,5 out of 5 stars with 1 ratings
Kings Of Leon , Aha Shake Heartbreak (Vinyl),$34.99,$34.99 MSRP $35.98
The Kinks ," Lola Versus Powerman and the Moneygoround, Pt.1 50th Anniversary",$34.99,$11.99 - $24.99
Queens Of The Stone Age , Era Vulgaris (Vinyl),$24.99,5 out of 5 stars with 1 ratings
COCTEAU TWINS , Blue Bell Knoll (Vinyl),$24.99,$19.99 MSRP $21.99
Arlo Parks , Collapsed In Sunbeams (Deep Red Vinyl),$24.99,$21.99
Walk The Moon , Walk The Moon (Vinyl),$24.99,$22.99 MSRP $23.98
Walk The Moon , Walk The Moon (Vinyl),$24.99,$22.99 MSRP $23.98
Carrie Underwood , My Savior (White 2 LP) (Vinyl),$32.99,5 out of 5 stars with 2 ratings
Shatner William , Shatner Clause (Vinyl),$32.99,$30.49
Booker T. & The Mg's , The Complete Stax Singles Vol. 1 (1962 1 (Vinyl),$32.99,$30.99
Jon Batiste , Music From and Inspired By Soul (LP) (Vinyl),$13.99,5 out of 5 stars with 3 ratings
Pride 2021 , Pride 2021 (EXPLICIT LYRICS) (Vinyl),$13.99,$15.49
Afi , Bodies,$13.99,$9.49 - $17.49
Jeff Russo , The Umbrella Academy (Repress White Viny (Vinyl),$13.99,$24.99
Less Than Jake , B Is For B Sides (Vinyl),$13.99,$23.99
Less Than Jake , B Is For B Sides (Vinyl),$13.99,$23.99
Hold Steady The , Open Door Policy,$13.99,$11.99 - $19.99
Bobbie Gentry , The Delta Sweete (Deluxe Edition 2,$13.99,$28.99
Tilian , Factory Reset,$13.99,$11.99 - $16.79
David Bowie , Changesonebowie (Vinyl),$22.99,Warner Music Group
Genesis , We Can't Dance (1991) (Vinyl),$22.99,$32.99 MSRP $34.98
Metallica , Reload (Vinyl),$22.99,$24.99 MSRP $29.98
John Fogerty , Fogerty's Factory (Vinyl),$22.99,$17.29
Dennis De Young , 26 East Vol. 2,$22.99,$13.99 - $20.99
John Lennon , Plastic Ono Band (LP) (Vinyl),$22.99,$22.99
Bella White , Just Like Leaving (LP) (Vinyl),$22.99,$16.99
Simpson Sturgill , Cuttin' Grass Vol. 2 (Cowboy Arms Sess,$22.99,$11.99 - $18.69
Kacey Musgraves , star,$19.80,Universal Music Group
Milky chance , Mind the moon (Vinyl),$23.99,5 out of 5 stars with 1 ratings
Aretha Franklin , I Knew You Were Waiting: The Best Of Aretha Franklin 1980,$19.99,5 out of 5 stars with 1 ratings
Aretha Franklin , I Knew You Were Waiting: The Best Of Aretha Franklin 1980,$19.99,5 out of 5 stars with 1 ratings
Cat Stevens , Tea For The Tillerman (LP) (Vinyl),$38.49,1 out of 5 stars with 1 ratings
Johnny Cash , Easy Rider: The Best Of The Mercury Recordings (2 LP) (Vinyl),$26.99,5 out of 5 stars with 3 ratings
Ava Max , Heaven & Hell (Vinyl),$21.99,5 out of 5 stars with 1 ratings
Dinosaur jr. , Where you been del ex ed (double gatefold blue vinyl) lp (Vinyl),$21.99,$39.99
Joel McNeely , Star Wars: Shadows Of The Empire (LP) (Vinyl),$21.99,5 out of 5 stars with 1 ratings
FLYING LOTUS , Flamagra,$21.99,$13.99 - $29.99
Various Artists , Spider,$21.99,5 out of 5 stars with 4 ratings
Roosevelt , Polydans,$21.99,5 out of 5 stars with 1 ratings
Roosevelt , Polydans,$21.99,5 out of 5 stars with 1 ratings
Gym Class Heroes , As Cruel As School Children (EXPLICIT LYRICS) (Vinyl),$18.89,5 out of 5 stars with 2 ratings
Grayscale , Umbra (Black Marble LP) (Vinyl),$20.49,5 out of 5 stars with 1 ratings
Kurt Vile , Speed Sound Lonely Kv (Ep),$20.49,$11.49 - $16.69
Redd Kross , Red Cross (Vinyl),$20.49,$12.99
Seether , DISCLAIMER II (2 LP) (Raspberry Red) (EXPLICIT LYRICS) (Vinyl),$24.49,5 out of 5 stars with 1 ratings
Iced Earth , Iced Earth (30th Anniversary Edition) (Vinyl),$24.49,$34.99
Liars , The Apple Drop (Limited Edition Recycled Color Vinyl),$18.69,5 out of 5 stars with 1 ratings
Creedence Clearwater Revival ," The 20 Greatest Hits (Target Exclusive, Vinyl)",$28.99,Universal Music Group
Panic! At The Disco , Pray For The Wicked,$28.99,Warner Music Group
CAAMP , By And By,$28.99,$9.79 - $29.99
Ice Nine Kills , Welcome To Horrorwood: The Silver Scream 2 (2 LP) (Vinyl),$24.99,5 out of 5 stars with 1 ratings
SPOON , Everything Hits At Once: The Best Of Spoon,$24.99,5 out of 5 stars with 1 ratings
Melvins , Five Legged Dog,$24.99,$15.39 - $34.49
Reba McEntire , Rumor Has It (30th Anniversary Edition) (LP) (Vinyl),$19.99,4 out of 5 stars with 1 ratings
Reba McEntire , Rumor Has It (30th Anniversary Edition) (LP) (Vinyl),$19.99,4 out of 5 stars with 1 ratings
David Coverdale , White Snake (Coke Bottle Clear LP) (Vinyl),$19.99,$20.99
Midnight In The , Midnight In The Garden Of Good & Evil (Music From & Inspired By The Motion) (Vinyl),$19.99,$18.39
Everclear , Very Best Of (Picture Disc Vinyl),$19.99,$29.99
Mariah Carey , Charmbracelet (2 LP) (Vinyl),$23.49,5 out of 5 stars with 1 ratings
Lee Brice , Hey World,$23.49,Warner Music Group
Rory Gallagher , Check Shirt Wizard ,$23.49,$37.49
Rickie Lee Jones , Kicks (Vinyl),$23.49,$13.79 MSRP $19.98
Black Country New R , For The First Time,$23.49,5 out of 5 stars with 1 ratings
Black Country New R , For The First Time,$23.49,5 out of 5 stars with 1 ratings
Kip Moore , Wild World (2 LP) (Vinyl),$23.49,$22.99
THUNDERCAT , It Is What It Is Clear Vinyl,$32.99,5 out of 5 stars with 2 ratings
Patti Smith , Horses,$32.99,$4.99 - $18.39
Neil Young , The Times (Vinyl),$32.99,$13.89
Various , Garden State (OST) (Vinyl),$32.99,5 out of 5 stars with 1 ratings
Korn , Requiem,$32.99,Universal Music Group
Bob Marley & The Wailers , Legend (30th Anniversary) (Tri,$32.99,4.8 out of 5 stars with 11 ratings
Louis The Child , Here For Now/Candy II (Clear/Dusty Pink 2 LP) (EXPLICIT LYRICS) (Vinyl),$34.99,5 out of 5 stars with 1 ratings
Ed Sheeran , No. 6 Collaborations Project (EXPLICIT LYRICS) (Vinyl),$34.99,5 out of 5 stars with 3 ratings
Miles Davis , A Tribute To Jack Johnson (Vinyl),$19.99,5 out of 5 stars with 1 ratings
Ceramic Dog , Hope,$19.99,$13.89 - $18.99
Peck Orville , Show Pony Ep (Vinyl),$19.89,5 out of 5 stars with 1 ratings
Quincy Jones , The Dude (LP) (Vinyl),$19.89,$21.99
Bayside , Acoustic Vol. 3 (Transparent Purple Viny (Vinyl),$19.89,$17.69
Bayside , Acoustic Vol. 3 (Transparent Purple Viny (Vinyl),$19.89,$17.69
Margo Price , That's How Rumors Get Started (LP) (Vinyl),$19.89,$14.69
Kacey Musgraves , star,$21.53,Universal Music Group
Various Artists , The Best Of Philadelphia International Records (Vinyl),$17.99,1 out of 5 stars with 1 ratings
Peach Pit , You And Your Friends (EXPLICIT LYRICS) (Vinyl),$22.99,4.3 out of 5 stars with 4 ratings
The Ranch (A Netflix Original , The Ranch(Netflix Ost) (Vinyl),$22.99,$15.99
Bob Marley & The Wailers , Legend (Picture Disc) (Vinyl),$30.49,5 out of 5 stars with 1 ratings
Marvin Gaye , His Classic Duets (LP) (Vinyl),$19.69,5 out of 5 stars with 2 ratings
Buddy Guy , Blues Is Alive And Well,$19.69,$11.99 - $22.99
Buddy Guy , Blues Is Alive And Well,$19.69,$11.99 - $22.99
Chet Baker , Chet Baker In New York (LP) (Vinyl),$19.69,$23.99
Vince Guaraldi , Peanuts Portraits (LP) (Vinyl),$19.69,$19.99
"Jack Ingram, Miranda Lambert, Jon Randall ", The Marfa Tapes (Vinyl),$28.49,5 out of 5 stars with 1 ratings
Queens Of The Stone Age , Rated R (LP) (EXPLICIT LYRICS) (Vinyl),$24.99,1 out of 5 stars with 1 ratings
Barrett Gabby , Goldmine (Vinyl),$19.99,5 out of 5 stars with 2 ratings
Tori Amos , Under The Pink (Vinyl),$24.99,5 out of 5 stars with 1 ratings
Vagabon , Vagabon,$24.99,5 out of 5 stars with 1 ratings
The National , Cherry Tree (2021 Remaster),$24.99,$12.99 - $19.99
Drs & Dynamite , Playing In The Dark (Vinyl),$24.99,$23.99
Mariah Carey , E=MC2 (2 LP) (Vinyl),$21.99,5 out of 5 stars with 1 ratings
Pup , This Place Sucks Ass,$21.99,$7.99 - $15.99
Gary Wright , The Dream Weaver (180 Gram Yellow Audiop (Vinyl),$21.99,$27.99
Crowded House , Dreamers Are Waiting,$21.99,$11.19 - $16.99
The Turtles , You Baby (Vinyl),$21.99,$27.99
The Turtles , You Baby (Vinyl),$21.99,$27.99
Mac DeMarco , Here Comes The Cowboy Demos (LP) (Vinyl),$21.99,$16.99
Brandee Younger , Somewhere Different (LP) (Vinyl),$21.99,$19.49
Johnny Cash , Classic Cash: Hall Of Fame Series (2 LP) (Vinyl),$21.99,$27.99
The Goo Goo Dolls , Let Love In (Vinyl),$21.99,$19.99 MSRP $21.98
Dylan Bob , Springtime In New York Bootleg Series Vol 16 (1980 85/2 Lp) (Vinyl),$35.49,5 out of 5 stars with 1 ratings
The Highwomen , The highwomen (2 lp's) lp (Vinyl),$35.49,$16.39
Needtobreathe , Into The Mystery,$35.49,$10.49 - $16.89
David Bowie , Legacy (Vinyl),$30.79,Alliance Entertainment
David Bowie , Legacy (Vinyl),$30.79,Alliance Entertainment
Mark Isham , Blade (LP) (Vinyl),$30.79,$29.99
Franz Ferdinand , You Could Have It So Much Better (Vinyl),$30.79,$22.99
Bleachers , Take The Sadness Out Of Saturday Night,$30.79,5 out of 5 stars with 4 ratings
Hynes Devonte , We Are Who We Are(Oss) (Vinyl),$30.79,$24.49
The Doors , Strange Days (Vinyl),$30.79,$22.99 MSRP $24.98
Chrissie Hynde , Standing in the Doorway: Chrissie Hynde Sings Bob Dylan,$30.79,$12.99 - $20.99
Mouse On Mars , Aai,$30.79,$14.39 - $28.99
Semisonic , You're Not Alone,$30.79,$9.99 - $11.99
Eldredge Brett , Sunday Drive (Vinyl),$30.79,$19.99
Ministry , Everyday (Is Halloween) The Lost Mixes (Vinyl),$19.99,5 out of 5 stars with 1 ratings
Yo,Yo Ma ,$19.99,5 out of 5 stars with 2 ratings
Tenacious D , Post,$19.99,$20.99 MSRP $31.98
RADIOHEAD , OK Computer,$19.99,3 out of 5 stars with 2 ratings
Sara Bareilles , Amidst The Chaos: Live From The Hollywood Bowl (3 LP/150 Gram) (Vinyl),$34.99,5 out of 5 stars with 3 ratings
Sara Bareilles , Amidst The Chaos: Live From The Hollywood Bowl (3 LP/150 Gram) (Vinyl),$34.99,5 out of 5 stars with 3 ratings
The Zombies , The Zombies (LP) (Vinyl),$21.99,5 out of 5 stars with 1 ratings
Dawes ," Nothing Is Wrong (Deluxe Edition) (Milky Clear 2 LP + 7"" Single) (Vinyl)",$30.49,5 out of 5 stars with 1 ratings
Phish , LP On LP 01 (Vinyl),$30.49,$17.79
Raspberries , Greatest Hits (180 Gram Translucent Rasp (Vinyl),$32.99,2 out of 5 stars with 1 ratings
Mayall John & The B , Padlock On The Blues (2 Lp) (Vinyl),$32.99,$19.79
Quinn XCII , A Letter To My Younger Self (EXPLICIT LYRICS) (Vinyl),$22.99,4.5 out of 5 stars with 2 ratings
Buena Vista Social C , Buena Vista Social Club (Vinyl),$25.99,5 out of 5 stars with 1 ratings
Robert Plant & Alison Krauss , Raise The Roof (Target Exclusive),$25.99,Universal Music Group
Robert Plant & Alison Krauss , Raise The Roof (Target Exclusive),$25.99,Universal Music Group
Doves , Lost Souls (2 LP) (Vinyl),$25.99,$26.49
AC/DC , For Those About To Rock (Vinyl),$25.99,$22.99 MSRP $23.98
The Black Crowes , Shake Your Money Maker (2020 Remaster) (LP) (Vinyl),$20.99,4 out of 5 stars with 2 ratings
Soundtrack , One Flew Over The Cuckoo's Nest (Jack Nitzsche) (LP) (Vinyl),$20.99,$30.99
Vladimir Horowitz , Horowitz in Hamburg: The Last Concert (2 LP) (Vinyl),$20.99,$27.99
070 Shake , Modus Vivendi (2 LP) (Orange & White Marble) (EXPLICIT LYRICS) (Vinyl),$22.49,3 out of 5 stars with 2 ratings
Bomba Estereo , Deja (Vinyl),$22.99,5 out of 5 stars with 1 ratings
Reba McEntire , ICON (LP) (Vinyl),$22.99,$19.99 MSRP $27.98
Cheap Trick , In Another World,$22.99,$11.19 - $15.99
Blake Mills , Mutable Set (2 LP) (Vinyl),$22.99,$34.99
Various Artists , Woodstock Four (Vinyl),$22.99,$34.99
To The Grave , Epilogue (EXPLICIT LYRICS) (Vinyl),$22.99,$23.99
Morrissey and David Bowie , Cosmic Dancer (Vinyl),$22.99,$13.99
Between The Buried And Me , The Silent Circus (2020 Remix/Remaster) (2 LP) (EXPLICIT LYRICS) (Vinyl),$22.99,$23.99
Between The Buried And Me , The Silent Circus (2020 Remix/Remaster) (2 LP) (EXPLICIT LYRICS) (Vinyl),$22.99,$23.99
The Pretty Reckless , Death By Rock And Roll (2 LP) (EXPLICIT LYRICS) (Vinyl),$23.99,5 out of 5 stars with 1 ratings
Courtney Barnett , MTV Unplugged Live in Melbourne (Color Vinyl),$23.99,$23.99
Cat Stevens , Mona Bone Jakon (LP) (Vinyl),$23.99,$38.99
Prince , Welcome 2 America (Deluxe Edition ,$68.99,5 out of 5 stars with 6 ratings
Bill Conti , The Right Stuff ,$68.99,$20.99 MSRP $25.98
Tankard , For A Thousand Beers (Deluxe V (Vinyl),$68.99,$132.99
Miranda Lambert , The Weight of These Wings (LP) (Vinyl),$29.99,Sony Music
The National , The National (2021 Remaster),$29.99,$10.59 - $19.89
The National , The National (2021 Remaster),$29.99,$10.59 - $19.89
Lindsay Lohan , Speak (LP) (Vinyl),$18.89,5 out of 5 stars with 3 ratings
Katy Perry , Smile (LP) (Bone White) (Vinyl),$23.49,4.5 out of 5 stars with 11 ratings
Mammoth Wvh , Mammoth Wvh,$23.49,5 out of 5 stars with 1 ratings
Joe Henderson ," Mirror, Mirror",$23.49,$12.99 - $18.69
Foo Fighters , Concrete and Gold,$23.49,Sony Music
Mayer John , Sob Rock (Vinyl),$22.99,3.4 out of 5 stars with 5 ratings
Banhart Devendra / G , Refuge (Blue Seaglass Wave Translucent V (Vinyl),$22.99,$21.49
Shania Twain , The Woman In Me (Diamond Edition) (LP) (Vinyl),$23.49,5 out of 5 stars with 1 ratings
Yusuf / Cat Stevens , Tea For The Tillerman 2 (LP) (Vinyl),$21.49,5 out of 5 stars with 3 ratings
Jonah Mutono , GERG (LP) (Vinyl),$21.49,$22.99
"Jones, Sharon & The Dap",Kings ,$21.49,$16.99 MSRP $21.99
Kenny Rogers , 21 Number Ones (2 LP) (Vinyl),$21.49,5 out of 5 stars with 2 ratings
Tricky , Fall To Pieces,$21.49,$13.99 - $22.99
Blues Traveler , Traveler's Blues,$21.49,$8.39 - $17.99
Blues Traveler , Traveler's Blues,$21.49,$8.39 - $17.99
Tim Buckley , Album Collection 1966,$21.49,$108.99
John Mayer , The Search for Everything (Vinyl),$21.49,4.5 out of 5 stars with 4 ratings
PJ Harvey ," Stories From The City, Stories From The Sea (LP) (Vinyl)",$21.49,$29.99
Aerosmith , Toys In The Attic (Vinyl),$21.49,5 out of 5 stars with 3 ratings
Madeleine Peyroux , Careless Love (Deluxe Edition) (3 LP) (Vinyl),$21.49,$43.99
G,Eazy ,$21.49,$20.99 MSRP $25.98
New Model Army , Carnival (Redux) Limited White 2 Lp (Vinyl),$21.49,$21.49
PJ Harvey , 4,$21.49,$29.99
PJ Harvey , 4,$21.49,$29.99
Queen Latifah , All Hail The Queen (Red Translucent Viny (Vinyl),$18.39,5 out of 5 stars with 1 ratings
Gwar , Scumdogs Xxx Live (2 Lp) (Vinyl),$18.39,$29.99
Lil Jon & The East S , Kings Of Crunk (EXPLICIT LYRICS) (Vinyl),$18.39,$29.99
The Replacements , Let It Be,$18.39,$18.99 - $19.99
Mndsgn , Rare Pleasure,$18.39,$7.99 - $22.99
Ella Fitzgerald , Ella Wishes You A Swinging Christmas (Verve Acoustic Sounds Series) (LP) (Vinyl),$23.99,5 out of 5 stars with 2 ratings
STARCRAWLER , Devour You (Vinyl),$22.99,5 out of 5 stars with 1 ratings
Puscifer , Existential Reckoning,$22.99,5 out of 5 stars with 1 ratings
Ministry , Trax! Rarities (Vinyl),$22.99,$26.49
Carter Ron/Russell M , Golden Striker (Vinyl),$22.99,$39.99
Bears In Trees , Keep Me Safe / I Want To Feel Chaotic (Vinyl),$22.99,$22.99
The Cold Stares , Heavy Shoes,$22.99,$12.99 - $16.99
The Go! Team , Get Up Sequences Part One (Vinyl),$22.99,$13.49
The Doors , Waiting for The Sun,$22.99,$9.99 - $24.99
The Doors , Waiting for The Sun,$22.99,$9.99 - $24.99
Jadakiss , Ignatius (LP) (EXPLICIT LYRICS) (Vinyl),$22.99,$22.99
Migos ," Culture III (, )",$22.99,Universal Music Group
Various Artists , Space Jam (Music From And Insp (Vinyl),$26.49,5 out of 5 stars with 1 ratings
Chubby Checker ," The Twist (7"" Single) (Vinyl)",$26.49,$9.99
Tom Morello , Atlas Underground Instrumentals (Vinyl),$26.49,$39.99
Justin Bieber ," Anyone / Holy (12"" Single) (Vinyl)",$11.29,4.9 out of 5 stars with 10 ratings
Luke Combs , What You See Is What You Get,$11.29,Sony Music
Jimmy Scott , I Go Back Home (2 LP) (Vinyl),$11.29,$39.99
Jimmy Scott , I Go Back Home (2 LP) (Vinyl),$11.29,$39.99
Manslaughter 777 , World Vision Perfect Harmony (Vinyl),$11.29,$17.99
Jerry Lee Lewis , Down The Road With Jerry Lee (Ltd. Cyan (Vinyl),$11.29,$16.99
Ramones , Ramones (Vinyl),$11.29,$21.49 MSRP $21.98
Milt Jackson & Ray C , Soul Brothers (Vinyl),$11.29,$19.59
U.S. GIRLS , Heavy Light,$11.29,$11.59 - $22.99
Myung Whun Chung , Piano (LP) (Vinyl),$11.29,$24.99
Dexter Gordon , Doin' Allright (LP) (Vinyl),$11.29,$27.99
Simon & Garfunkel , Bridge Over Troubled Water,$11.29,5 out of 5 stars with 1 ratings
Cage The Elephant , Tell Me I'm Pretty,$11.29,Sony Music
Los Lobos , How Will The Wolf Survive (Vinyl),$11.29,$19.99
The Rolling Stones , Sticky Fingers (LP) (Vinyl),$24.99,2.3 out of 5 stars with 3 ratings
Bros , Vol. 2 (Vinyl),$24.99,$15.89
David Byrne , American Utopia on Broadway (Original Cast Recording) (Vinyl),$17.79,5 out of 5 stars with 2 ratings
The Beatles , Love (2 LP) (Vinyl),$17.79,$48.49 MSRP $49.96
The Beatles , Love (2 LP) (Vinyl),$17.79,$48.49 MSRP $49.96
Stan Getz & Joao Gilberto , Getz/Gilberto (Verve Acoustic Sounds Series LP) (Vinyl),$24.99,5 out of 5 stars with 1 ratings
The Beatles , With The Beatles (LP) (Vinyl),$24.99,4.8 out of 5 stars with 4 ratings
MERCURY REV , Bobbie Gentry's The Delta Sweete Revisited,$24.99,$11.19 - $22.99
Bee Gees , Spirits Having Flown (LP) (Vinyl),$24.99,$18.99
Jones Sharon & The , Just Dropped In (To See What Condition M,$24.99,$11.19 - $19.99
Nelly , Country Grammar (Translucent Blue Deluxe 2 LP) (EXPLICIT LYRICS) (Vinyl),$24.99,$47.99
Neneh Cherry , Raw Like Sushi (30th Anniversary Deluxe 3 LP) (Vinyl),$24.99,$52.99
Aerosmith , Aerosmith,$24.99,5 out of 5 stars with 1 ratings
Aerosmith , Aerosmith,$24.99,5 out of 5 stars with 1 ratings
Soul Asylum , Hurry Up And Wait,$24.99,$12.99 - $19.69
Brian Setzer , Setzer Goes Instru Mental! (Vinyl),$14.69,5 out of 5 stars with 1 ratings
Soul Jazz Records Pr , Rocksteady Got Soul (Vinyl),$14.69,$33.99
Nowhere. Nothing , Trauma Factory (EXPLICIT LYRICS) (Vinyl),$19.99,5 out of 5 stars with 3 ratings
Kacey Musgraves , star,$18.83,Universal Music Group
Ed Sheeran , x (Vinyl),$19.69,3 out of 5 stars with 5 ratings
Goldmund , Occasus (Vinyl),$19.69,$20.99 MSRP $21.98
Andrew W.k. , You're Not Alone (Vinyl),$19.69,$31.99
Colter Wall , Western Swing & Waltzes And Other Punchy,$19.69,$12.99 - $18.99
Various Artists , To All The Boys: Always And Forever (Music From The Netflix Film) (LP) (Vinyl),$20.49,4.5 out of 5 stars with 2 ratings
Joe Bonamassa , Royal Tea (2 LP) (Vinyl),$20.49,$22.99
Aara , Triade I : Eos,$20.49,$12.99 - $26.99
Pop Smoke , Shoot For The Stars Aim For The Moon (Clear Vinyl 2 LP),$26.49,5 out of 5 stars with 1 ratings
Alicia Keys , Diary Of Alicia (Vinyl),$26.49,3.7 out of 5 stars with 3 ratings
Alicia Keys , Diary Of Alicia (Vinyl),$26.49,3.7 out of 5 stars with 3 ratings
Drive,By Truckers ,$26.49,$22.99
King Diamond , ye (Vinyl),$26.49,5 out of 5 stars with 1 ratings
Miles Davis , Kind Of Blue (Mono) (Vinyl),$26.49,5 out of 5 stars with 1 ratings
Madness , Our House,$26.49,$11.99 - $23.49
Eric Clapton , Eric Clapton (LP) (Vinyl),$26.49,$20.99
Russell Dickerson , Southern Symphony,$26.49,The Orchard
Martha Wainwright , Love Will Be Reborn (EXPLICIT LYRICS) (Vinyl),$26.49,$18.49
Laura Mvula , Pink Noise (Vinyl),$22.49,5 out of 5 stars with 1 ratings
Laura Mvula , Pink Noise (Vinyl),$22.49,5 out of 5 stars with 1 ratings
Pink Floyd , Animals,$22.49,Sony Music
Earth Crisis , Salvation Of Innocents (LP) (Transparent Turquoise) (Vinyl),$22.49,$29.99
Young Fresh Fellows , Toxic Youth (Vinyl),$22.49,$15.79
Kilimanjaro Darkjazz , The Kilimanjaro Darkjazz Ensemble (Vinyl),$22.49,$35.99
Tom Tom Club , Tom Tom Club (Limited Tropical Yellow & (Vinyl),$23.99,5 out of 5 stars with 1 ratings
Subways , Young For Eternity (Vinyl),$23.99,$24.99
Pentatonix ," PTX Presents: Top Pop, Vol. I (Vinyl)",$23.99,5 out of 5 stars with 2 ratings
BLOOD ORANGE , Coastal Grooves (Vinyl),$23.99,$22.99
Robert Glasper , Black Radio Recovered: The Remix (LP) (Vinyl),$20.49,4.6 out of 5 stars with 11 ratings
Mitchell Roscoe , Dots / Pieces For Percussion And Woodwin,$20.49,$11.29 - $12.99
Mariah Carey , All I Want For Christmas Is You/Joy To The World (Vinyl),$25.99,3.7 out of 5 stars with 3 ratings
Creedence Clearwater Revival , Bayou Country (Half Speed Master)(LP) (Vinyl),$25.99,$29.99
Lake Street Dive , Free Yourself Up,$25.99,$14.99 - $18.99
Diana Ross , Thank You (2 LP) (Vinyl),$25.99,$19.39
Diana Ross , Thank You (2 LP) (Vinyl),$25.99,$19.39
Pistol Annies , Interstate Gospel,$25.99,Sony Music
Gene Autry , Rudolph The Red Nosed Reindeer (Vinyl),$25.99,$19.19
Billie Joe Armstrong , No Fun Mondays (Vinyl),$25.99,$16.69
Breaking Benjamin , Aurora (LP) (Vinyl),$16.99,3 out of 5 stars with 2 ratings
Mudhoney , Every Good Boy Deserves Fudge (30 Th Anni,$16.99,$9.79 - $20.49
Queens Of The Stone Age , Lullabies To Paralyze (2 LP) (EXPLICIT LYRICS) (Vinyl),$24.99,4.8 out of 5 stars with 4 ratings
Luke Bryan , Doin' My Thing (Deluxe LP) (Vinyl),$24.99,$16.49
Carter Ron , Foursight Stockholm (Vinyl),$24.99,$38.49
Carter Ron , Foursight Stockholm (Vinyl),$24.99,$38.49
Bryson Tiller , True To Self (EXPLICIT LYRICS) (Vinyl),$24.99,4.3 out of 5 stars with 6 ratings
George Harrison , Brainwashed (LP) (Vinyl),$24.99,$22.99 MSRP $27.98
Buckcherry , Hellbound (EXPLICIT LYRICS),$24.99,$9.99 - $16.99
Switchfoot , interrobang (LP) (Vinyl),$18.59,5 out of 5 stars with 3 ratings
Ice Nine Kills , I Heard They KILL Live (2 LP) (Neon Green Marble) (EXPLICIT LYRICS) (Vinyl),$18.59,$21.99
Luke Combs , This One's For You,$18.59,Sony Music
The Anniversary , Designing A Nervous Breakdown (Vinyl),$18.59,$16.59
James , All The Colours Of You (2 LP) (Vinyl),$18.59,$25.49
KISS , Lick It Up (LP) (Vinyl),$18.59,$23.99 MSRP $25.98
Stephen Sondheim , Sweeney Todd: The Demon Barber (Vinyl),$18.59,$29.99
Too $Hort , Life Is Too $Hort (Explicit) (EXPLICIT LYRICS) (Vinyl),$18.59,$18.99
Osiah , Loss (EXPLICIT LYRICS) (Vinyl),$18.59,$23.99
Jennifer Hudson , RESPECT (Original Motion Picture Soundtrack),$18.59,5 out of 5 stars with 2 ratings
Muse , Simulation Theory (Vinyl),$18.59,4.5 out of 5 stars with 2 ratings
Muse , Simulation Theory (Vinyl),$18.59,4.5 out of 5 stars with 2 ratings
Mariah Carey , Me. I Am Mariah...The Elusive Chanteuse (2 LP) (EXPLICIT LYRICS) (Vinyl),$21.49,5 out of 5 stars with 3 ratings
Adams Ryan , Wednesdays,$21.49,$8.99 - $20.49
Various Artists , Jojo Rabbit (LP) (Vinyl),$16.99,5 out of 5 stars with 1 ratings
AREA21 ," Greatest Hits Vol. 1 (Target Exclusive, Vinyl)",$17.99,Universal Music Group
John Lennon , Imagine,$17.99,Universal Music Group
Overkill , Grinding Wheel,$17.99,5 out of 5 stars with 1 ratings
The Zombies , R.I.P. (LP) (Vinyl),$17.89,5 out of 5 stars with 1 ratings
Chevelle , Niratias (EXPLICIT LYRICS) (Vinyl),$17.39,4.7 out of 5 stars with 6 ratings
Chevelle , Niratias (EXPLICIT LYRICS) (Vinyl),$17.39,4.7 out of 5 stars with 6 ratings
Carla Thomas , Carla (Vinyl),$17.39,$15.99 MSRP $21.98
The Black Keys , Let's Rock (Vinyl),$17.39,5 out of 5 stars with 2 ratings
Prine John , Sweet Revenge (Vinyl),$21.99,5 out of 5 stars with 1 ratings
Bim Skala Bim , Sonic Tonic (Vinyl),$21.99,$16.99
Elder Island , Swimming Static (Vinyl),$21.99,$15.69
Mick Jagger , Wandering Spirit (2 LP) (Vinyl),$21.99,$29.99
Paul Billy , Best Of Billy Paul (Vinyl),$21.99,$18.89
Kip Moore , Wild World (Deluxe 2 LP) (Vinyl),$21.99,$23.99
Peggy Lee , Black Coffee (Verve Acoustic Sounds Series) (LP) (Vinyl),$26.49,5 out of 5 stars with 1 ratings
Susana Baca , Palabras Urgentes (LP) (Vinyl),$26.49,$14.69
Avril Lavigne , Head Above Water,$26.49,Warner Music Group
Elvis Presley , Essential Elvis Presley (Vinyl),$26.49,4.5 out of 5 stars with 4 ratings
of Montreal , Ur Fun (Vinyl),$26.49,$19.99
Agnes Obel , Myopia (LP) (Vinyl),$26.49,$21.99
Agnes Obel , Myopia (LP) (Vinyl),$26.49,$21.99
Lucinda Williams , This Sweet Old World (Vinyl),$26.49,$26.99 MSRP $29.98
Iggy Azalea , In My Defense,$26.49,5 out of 5 stars with 3 ratings
Elliott Smith , From A Basement On The Hill (Vinyl),$26.49,$24.99
Doves , The Last Broadcast (2 LP) (Vinyl),$27.99,5 out of 5 stars with 2 ratings
PJ Harvey , Rid Of Me (LP) (Vinyl),$20.49,5 out of 5 stars with 1 ratings
Bobby Gillespie , Utopian Ashes (Vinyl),$20.49,$17.99
Ray Charles , Genius + Soul = Jazz (Verve Acoustic Sounds Series) (LP) (Vinyl),$20.49,$25.49
K.D. Lang , Watershed (Vinyl),$20.49,$14.59
K.D. Lang , Watershed (Vinyl),$20.49,$14.59
Kaytranada , NOTHIN LIKE U/CHANCES (Vinyl),$20.49,5 out of 5 stars with 1 ratings
Def Leppard , On Through The Night (LP) (Vinyl),$20.49,$25.49
Sam Phillips , Fan dance (Vinyl),$20.49,$19.99
ABBA , Voyage,$20.49,Universal Music Group
My Morning Jacket , Live 2015 (White 3 LP) (Vinyl),$34.99,5 out of 5 stars with 2 ratings
Travis , Everything At Once (LP) (Vinyl),$34.99,$14.29 MSRP $21.98
BELLE AND SEBASTIAN , Life Pursuit (Vinyl),$23.99,5 out of 5 stars with 1 ratings
Jaga Jazzist , Pyramind (Color Vinyl),$23.99,$27.49
Wilcovered , Wilcovered Lp (Vinyl),$23.99,$28.99
David Bowie , In Bertolt Brecht's Baal (Vinyl),$17.99,5 out of 5 stars with 1 ratings
Lin,Manuel Miranda ,$17.99,5 out of 5 stars with 1 ratings
The Damned , The Rockfield Files ,$17.99,$13.79
Soul Asylum , Delayed Reaction (LP)(Explicit) (EXPLICIT LYRICS) (Vinyl),$17.99,$17.79
Record Setter , Purge (Pink Vinyl),$17.99,$19.89
Record Setter , Purge (Pink Vinyl),$17.99,$19.89
Cody Jinks , Lifers (LP) (Vinyl),$17.99,$24.99
Christoph Eschenbach Oppitz ," Bach, J.S.: Piano Concertos BWV 1060/1061/1063/1065 (LP) (Vinyl)",$17.99,$22.99
Jason Isbell & The 400 Unit , Live From The Ryman (Vinyl),$17.99,$29.99
Spoon , Girls Can Tell,$17.99,$10.49 - $22.99
Depeche Mode , Exciter (Vinyl),$17.99,5 out of 5 stars with 1 ratings
Eric Clapton , Money & Cigarettes (Vinyl),$21.99,5 out of 5 stars with 1 ratings
Lord Huron , Long Lost (2 LP) (Vinyl),$29.99,5 out of 5 stars with 3 ratings
Goldlink , Diaspora (EXPLICIT LYRICS) (Vinyl),$21.99,5 out of 5 stars with 3 ratings
Goldlink , Diaspora (EXPLICIT LYRICS) (Vinyl),$21.99,5 out of 5 stars with 3 ratings
Deftones , White Pony 20 Th 4 Lp/2 Cd (EXPLICIT LYRICS) (Vinyl),$21.99,$90.99
Kesha , Rainbow (EXPLICIT LYRICS) (Vinyl),$21.99,4.8 out of 5 stars with 6 ratings
David Coverdale , North Winds (White LP) (Vinyl),$21.99,$17.59
Fitz And The Tantrum , Pickin' Up The Pieces (Vinyl),$21.99,$19.99
Brian Setzer , Rockabilly Riot! Volume One: A Tribute T (Vinyl),$21.99,$26.49
DIRTY PROJECTORS , Swing Lo Magellan (Vinyl),$21.99,$22.99
ABBA , Live At Wembley Arena (3 LP) (Vinyl),$47.99,5 out of 5 stars with 1 ratings
Post Malone , Hollywood's Bleeding (Pink 2 LP) (EXPLICIT LYRICS) (Vinyl),$25.49,5 out of 5 stars with 1 ratings
Ari Lennox , Shea Butter Baby (LP) (EXPLICIT LYRICS) (Vinyl),$19.89,4.2 out of 5 stars with 6 ratings
Darkside , Spiral,$19.89,$14.99 - $20.99
Sleeper Oh , Bloodied/Unbowed (Vinyl),$19.89,$18.79
Elbow , Live At The Ritz ,$19.89,$18.49
Steve Perry , The Season (Target Exclusive),$19.89,Universal Music Group
Sam Roberts Band , All Of Us (LP) (Vinyl),$19.89,$16.99
Sam Roberts Band , All Of Us (LP) (Vinyl),$19.89,$16.99
Rainbow Kitten Surpr , Rks! Live From Athens Georgia (Vinyl),$38.49,5 out of 5 stars with 1 ratings
We Will Rock You: In , Queen (Vinyl),$20.49,5 out of 5 stars with 1 ratings
Callahan Bill , Gold Record,$20.49,$12.79 - $18.89
Traffic , Traffic (LP) (Vinyl),$20.49,$20.49
O'Jays , Ship Ahoy (Vinyl),$20.49,$19.99 MSRP $20.98
Original Broadway Cast Recording , Tootsie (2 LP) (Vinyl),$20.49,$30.49
John Williams , Star Wars: The Rise of Skywalker (2 LP) (Vinyl),$20.49,$22.49
Snow Patrol , Reworked (2 LP) (Vinyl),$20.49,$30.49
Snow Patrol , Reworked (2 LP) (Vinyl),$20.49,$30.49
Petty Tom , Angel Dream(Songs From She's The One) (Vinyl),$18.99,5 out of 5 stars with 2 ratings
The Ramones , It's Alive (Vinyl),$31.99,5 out of 5 stars with 2 ratings
Petrucciani michael , Colors lp (Vinyl),$31.99,$29.99
Van Morrison , His Band And The Street Choir Ie Syeor 2020 (Vinyl),$31.99,$21.49
George Benson , Breezin' (Vinyl),$21.99,5 out of 5 stars with 2 ratings
Ace Frehley , Origins Vol. 2 (TARGET EXCLUSIVE) (Vinyl),$23.99,4 out of 5 stars with 5 ratings
Hiatt Lilly & The , Let Down (Color Vinyl),$23.99,$17.19
Venom , German assault (Vinyl),$23.99,$29.99
Enuff Z'nuff , Dissonance (Vinyl),$23.99,$21.99
Michael Franti , Stay Human Vol. II (Vinyl),$23.99,$24.99
Jealous Of The Birds , Peninsula Sea Blue (Vinyl),$23.99,$19.99
Pixies , Beneath the eyrie (Vinyl),$23.99,$23.99
The Rolling Stones , Goats Head Soup (LP) (Vinyl),$23.99,$24.99
Django Django , Glowing in the Dark (LP) (Vinyl),$23.99,$16.19
Django Django , Glowing in the Dark (LP) (Vinyl),$23.99,$16.19
Dury Ian , Hit Me! The Best Of,$23.99,$16.69 - $30.99
My Morning Jacket , Evil Urges (Cream/Black Blob 2 LP) (Vinyl),$26.49,5 out of 5 stars with 1 ratings
Bullet For My Valentine ," Gravity / Radioactive (10"") (EXPLICIT LYRICS) (Vinyl)",$14.99,5 out of 5 stars with 1 ratings
Ace Frehley , Origins Vol. 2 (Blue & White) (Vinyl),$23.99,5 out of 5 stars with 1 ratings
Danny Brown , Atrocity Exhibition (Vinyl),$23.99,5 out of 5 stars with 1 ratings
Various Artists , Modern Love (Vinyl),$23.99,$28.49
Rjd2 , No helmet up indianola (Vinyl),$23.99,$6.19
Stone Temple Pilots , Perdida 140 G Black (Vinyl),$23.99,$17.69
Stone Temple Pilots , Perdida 140 G Black (Vinyl),$23.99,$17.69
Spice Girls , Forever (Deluxe LP) (Vinyl),$20.49,5 out of 5 stars with 3 ratings
Pet Shop Boys , I Don't Wanna (Vinyl),$20.49,$9.79
The Police , Greatest Hits (Vinyl) (2 LP),$44.99,Universal Music Group
Miranda Lambert , Platinum (Vinyl),$44.99,$24.99
Bob Dylan , Pat Garrett & Billy The Kid (Vinyl),$44.99,4 out of 5 stars with 1 ratings
Foster The People , Sacred Hearts Club,$44.99,Sony Music
Angel , Risen,$44.99,$12.59 - $27.99
Styx , Crash Of The Crown (LP) (Vinyl),$44.99,$21.49
